CumOil12Month,rowID,Operator,Reservoir,LateralLength_FT,ProppantIntensity_LBSPerFT,FluidIntensity_BBLPerFT
325341.6875,1,OVV,WOLFCAMP B,9925,2061,49
240883.1875,5,OVV,WOLFCAMP B,10403,2007,49
151234.765625,6,OVV,SPRABERRY LOWER,10404,2013,48
155705.328125,7,OVV,SPRABERRY LOWER,10424,2068,48
244439.71875,8,OVV,WOLFCAMP A,10421,2099,51
397864.96875,9,OVV,WOLFCAMP B,10405,2075,50
161121.40625,38,PXD,WOLFCAMP B,9908,1813,55
178910.0625,40,PXD,WOLFCAMP B,9907,1739,52
317803.9375,44,SURGE,WOLFCAMP A,10022,1886,36
204243.796875,45,SURGE,WOLFCAMP A,10022,1880,36
190330,46,SURGE,SPRABERRY LOWER,9936,2113,44
295566.15625,54,COP,WOLFCAMP B,10373,1860,40
107950,58,OXY,WOLFCAMP B,10021,1168,51
182509.015625,59,OXY,WOLFCAMP A,9955,1667,57
104092.5546875,61,ENDVR,WOLFCAMP B,10216,1598,39
183989.4375,62,ENDVR,WOLFCAMP A,10195,1594,39
165509,74,COP,WOLFCAMP A,10481,1830,51
262082,75,COP,SPRABERRY LOWER,10446,1872,55
199524,88,PXD,WOLFCAMP B,10479,1847,57
85800,97,PXD,SPRABERRY LOWER,10241,1908,38
101571,98,PXD,SPRABERRY LOWER,10112,1477,4
207898,108,PXD,WOLFCAMP B,9980,2131,44
279760.0625,113,SUMMIT,WOLFCAMP B,10052,1932,51
230401.03125,114,SUMMIT,WOLFCAMP B,10052,1896,49
89060.28125,115,SUMMIT,WOLFCAMP B,10052,1860.5,46
56308.90234375,116,SUMMIT,SPRABERRY LOWER,10052,1837,45
52212.1875,117,SUMMIT,SPRABERRY LOWER,10052,1837,45
59503.48828125,118,SUMMIT,SPRABERRY LOWER,10052,1837,45
110470.0078125,124,LPI,WOLFCAMP A,10362,1821,33
104725.9921875,125,LPI,WOLFCAMP A,10523,1776,33
79243.09375,126,LPI,WOLFCAMP D,10743,1861,65
113442.5703125,127,LPI,WOLFCAMP A,10523,1769,31
85966,128,LPI,WOLFCAMP A,10040,1834,33
150153,131,LPI,WOLFCAMP A,12638,2179,56
113109,132,LPI,WOLFCAMP B,13200,1770,58
154311,133,LPI,WOLFCAMP A,13450,1828,57
171153.25,134,LPI,WOLFCAMP B,10258,1797,57
51081.5390625,137,LPI,WOLFCAMP B,10226,1811,55
64088,139,LPI,WOLFCAMP B,10148,1795,55
120340,140,LPI,WOLFCAMP A,10030,2415,71
113496,142,LPI,WOLFCAMP B,10030,1819,57
155150.484375,156,TRACKER,WOLFCAMP B,10279,2608,60
115165.7734375,157,TRACKER,WOLFCAMP A,10347,2733,56
91072.2265625,158,TRACKER,WOLFCAMP B,10413,2607,61
115391.5234375,159,TRACKER,WOLFCAMP B,10107,2499,54
88244.1953125,160,TRACKER,WOLFCAMP B,10124,2719,65
83319.8046875,161,TRACKER,WOLFCAMP B,10114,2493,53
96108.4765625,162,TRACKER,WOLFCAMP B,10096,2751,60
101212.734375,164,TRACKER,WOLFCAMP B,10187,2576,55
109858.765625,165,TRACKER,WOLFCAMP B,10177,2579,63
66584.0859375,166,TRACKER,WOLFCAMP B,10141,2609,57
63914.67578125,170,PXD,SPRABERRY LOWER,10434,1706,38
42114.6484375,171,PXD,WOLFCAMP A,10438,1492,35
140723.28125,172,PXD,WOLFCAMP B,10421,1693,45
184390.125,173,PXD,WOLFCAMP B,10430,1423,38
362666,174,PXD,WOLFCAMP B,10302,1591,44
141240,175,PXD,WOLFCAMP A,10058,1916,45
208493,176,PXD,WOLFCAMP B,10055,1924,47
234815,178,PXD,WOLFCAMP B,9903,1609,45
364013.84375,185,PXD,WOLFCAMP B,10602,1597,54
77466.9375,186,PXD,WOLFCAMP B,10783,1975,50
197258.03125,196,SM,WOLFCAMP A,10435,1854,53
281853.96875,197,SM,DEAN,10444,1853,53
207464.296875,198,SM,WOLFCAMP A,10434,1855,53
90861.703125,199,SM,WOLFCAMP B,10438,1853,53
225979.953125,200,SM,DEAN,10445,1853,53
147679.046875,201,SM,WOLFCAMP A,10366,1867,53
110300.09375,212,SM,WOLFCAMP A,10288,1904,61
167849.21875,213,SM,WOLFCAMP A,10348,1892,62
210816.625,214,SM,WOLFCAMP A,10399,1860,50
194415.703125,215,SM,WOLFCAMP A,9983,1875,51
231003.9375,216,SM,WOLFCAMP A,10347,1866,52
135184.359375,217,SM,WOLFCAMP A,10334,1896,61
77669.0390625,218,SM,WOLFCAMP A,10410,1858,51
88902.796875,219,SM,WOLFCAMP A,10395,1862,52
90778.2421875,220,XOM,WOLFCAMP B,10203,1401,53
51130.390625,221,XOM,WOLFCAMP B,10383,1409,51
70394.359375,222,XOM,WOLFCAMP B,10418,1698,59
74798.109375,223,XOM,WOLFCAMP B,10424,1694,61
98884.046875,224,XOM,WOLFCAMP A,10415,1110,36
63291.30078125,225,XOM,WOLFCAMP A,10389,1109,37
80367.6171875,226,XOM,WOLFCAMP A,10429,1707,60
90458.7734375,227,XOM,WOLFCAMP A,10203,1747,62
91896.4921875,228,XOM,SPRABERRY LOWER,10254,1308,45
88835.265625,229,XOM,SPRABERRY LOWER,10432,1308,45
91953.5703125,230,XOM,SPRABERRY LOWER,10393,1509,56
248134.4375,231,XOM,SPRABERRY LOWER,10414,1507,55
264605.53125,241,FANG,WOLFCAMP B,10099,1305,49
213376.609375,242,FANG,WOLFCAMP B,10051,1305,57
185947,243,XOM,WOLFCAMP B,10203,1703,60
183274,244,XOM,WOLFCAMP A,10288,1412,51
330748,245,XOM,SPRABERRY LOWER,10270,1409,45
107728,247,SABLE,WOLFCAMP B,10241,1856,24
99935,248,SABLE,WOLFCAMP B,10328,1863,27
100733,249,SABLE,WOLFCAMP B,10252,1922,28
126352.4921875,250,XOM,WOLFCAMP B,10293,2522,66
247325.515625,251,XOM,WOLFCAMP A,10309,2424,66
173038.171875,252,XOM,WOLFCAMP B,10204,2490,63
180499.828125,253,XOM,WOLFCAMP A,10206,2480,62
155156.8125,254,XOM,WOLFCAMP B,10309,1716,61
113912.1875,255,XOM,WOLFCAMP A,10299,1716,61
204401.3125,256,XOM,WOLFCAMP B,10301,1484,16
130585.6953125,257,XOM,WOLFCAMP A,10204,1606,16
134312,258,LPI,WOLFCAMP B,10342,1786,55
133119,259,LPI,WOLFCAMP B,10672,1750,56
155944,260,LPI,WOLFCAMP B,10748,1866,48
155371.63,289,FANG,WOLFCAMP A,10466,1597,40
253513.590000001,290,FANG,SPRABERRY LOWER,10440,1595,37
193064.600000001,291,FANG,WOLFCAMP A,10492,1608,41
247884.22,292,FANG,SPRABERRY LOWER,10468,1595,37
255136.48,293,FANG,SPRABERRY LOWER,10473,1597,39
249174.61,294,FANG,SPRABERRY LOWER,10390,1610,40
189265.82,295,FANG,WOLFCAMP A,10466,1590,46
254971.015625,300,PXD,WOLFCAMP D,10013,1858,55
190136,336,PXD,WOLFCAMP A,9903,2584,51
129100.390625,355,XOM,WOLFCAMP B,10279,1102,39
122232.5078125,356,XOM,WOLFCAMP B,10204,1108,37
130357.96875,357,XOM,WOLFCAMP B,10248,1097,39
130336.140625,358,XOM,WOLFCAMP B,10298,1099,39
266705,380,CVX,WOLFCAMP A,10162,2009,47
153683.328125,381,CVX,WOLFCAMP B,10082,1997,46
163563.671875,382,CVX,WOLFCAMP A,10162,1901,51
207139.625,383,CVX,WOLFCAMP B,10182,1681,63
233938.375,384,CVX,WOLFCAMP A,10282,1690,63
177862.34375,385,CVX,WOLFCAMP B,10282,1728,64
191406.65625,386,CVX,WOLFCAMP A,10281,1699,63
193423.78125,387,CVX,WOLFCAMP B,10282,1713,66
152057.21875,388,CVX,WOLFCAMP A,10337,1719,38
219116.265625,389,CVX,WOLFCAMP B,10282,1720,64
192276.734375,390,CVX,WOLFCAMP A,10278,1695,67
208598.984375,391,CVX,WOLFCAMP B,9973,1704,59
211471.859375,392,CVX,WOLFCAMP B,10181,1711,59
154296.25,393,CVX,WOLFCAMP B,10357,1654,59
186326.640625,394,CVX,WOLFCAMP B,10260,2717,65
172327.1875,396,CVX,WOLFCAMP B,10260,2756,65
193249,418,PXD,WOLFCAMP B,9942,2847,46
197937,419,PXD,WOLFCAMP B,9942,2852,46
166689,420,PXD,WOLFCAMP B,9903,1640,54
174910,421,PXD,WOLFCAMP B,9903,1667,55
236788,423,PXD,WOLFCAMP B,9902,1707,53
213551,424,PXD,WOLFCAMP B,9902,1703,54
172827,427,PXD,WOLFCAMP B,9942,2661,47
212108,441,PXD,WOLFCAMP B,10270,1672,54
195252,442,PXD,WOLFCAMP B,10203,1688,54
217099,443,PXD,WOLFCAMP B,9967,1669,54
204321,447,PXD,WOLFCAMP B,10302,2559,47
212703,449,PXD,WOLFCAMP B,9942,2886,48
196024,450,PXD,WOLFCAMP B,9942,2861,49
201101,451,PXD,WOLFCAMP B,9942,2740,49
205454,452,PXD,WOLFCAMP B,9942,2664,47
214461,453,PXD,WOLFCAMP B,9942,2702,49
194510,459,PXD,WOLFCAMP C,9954,1656,54
175763,464,PXD,WOLFCAMP A,9907,1987,50
242763,466,PXD,WOLFCAMP B,10421,1441,40
207261.015625,467,PXD,WOLFCAMP B,10383,1429,40
174909,472,PXD,WOLFCAMP B,10202,1660,54
170098,474,PXD,WOLFCAMP B,10001,1787,56
208192,475,PXD,WOLFCAMP B,10001,1775,55
228456.546875,482,PXD,WOLFCAMP A,12209,1872,39
236660.453125,483,PXD,WOLFCAMP B,12544,1842,39
290134.28125,489,DBLPOINT,SPRABERRY LOWER,10359,1966,45
232325.25,490,DBLPOINT,WOLFCAMP A,10347,2008,48
245231.078125,491,DBLPOINT,WOLFCAMP B,10381,1966,50
243372,492,DBLPOINT,SPRABERRY LOWER,10392,1979,46
120014.078125,495,PXD,WOLFCAMP B,10110,1720,40
75106.921875,496,PXD,WOLFCAMP B,10116,1723,42
258616.328125,507,FANG,SPRABERRY LOWER,10150,1595,36
202324.984375,508,FANG,WOLFCAMP A,10134,1590,36
235159,509,FANG,SPRABERRY LOWER,10127,1595,36
224215.671875,510,FANG,WOLFCAMP A,10013,1590,43
102548.5234375,511,FANG,WOLFCAMP A,12865,1593,41
289794,512,FANG,SPRABERRY LOWER,12903,1595,39
261876.203125,513,COP,WOLFCAMP A,10260,1862,39
73641.78125,515,COP,WOLFCAMP A,10271,1864,39
74228.8203125,517,COP,SPRABERRY LOWER,10297,2041,40
64984.8828125,518,COP,SPRABERRY LOWER,10292,2047,41
181706.84375,519,COP,WOLFCAMP A,10270,1843,35
173682.6875,521,COP,WOLFCAMP A,10221,1830,40
73461.1875,523,COP,SPRABERRY LOWER,10295,1875,39
163563.46875,524,COP,WOLFCAMP A,10146,1849,40
56808.50390625,529,COP,WOLFCAMP B,9928,1567,29
95345.890625,531,COP,WOLFCAMP B,9928,1928,37
199831.125,536,COP,WOLFCAMP A,9968,1453,39
57083.0625,546,HUNT,WOLFCAMP B,10144,1548,48
62602.58203125,547,HUNT,WOLFCAMP B,10144,1548,48
133740.71875,548,HUNT,WOLFCAMP A,10032,1563,37
53446.2890625,549,HUNT,WOLFCAMP A,10032,1545,35
288262.90625,550,HUNT,WOLFCAMP B,10032,1549,37
34839.8125,551,HUNT,SPRABERRY LOWER,10038,1407,35
46957.140625,552,HUNT,WOLFCAMP B,10144,1546,49
126567.125,553,HUNT,WOLFCAMP A,10032,1551,36
189348.71875,554,HUNT,WOLFCAMP B,10032,1079,40
123707.28125,555,HUNT,SPRABERRY LOWER,10038,1406,36
63496.50390625,556,HUNT,WOLFCAMP B,10144,1545,48
87378.515625,557,HUNT,WOLFCAMP A,10032,1550,34
110768.0078125,558,HUNT,WOLFCAMP B,10032,1526,39
157582.484375,559,HUNT,SPRABERRY LOWER,10038,1414,36
174297.125,566,FANG,WOLFCAMP A,10472,1793,51
249973.375,567,FANG,WOLFCAMP B,10472,1749,50
156501.140625,568,FANG,SPRABERRY LOWER,10472,1785,50
192157.171875,569,FANG,SPRABERRY MIDDLE,10322,1824,48
133500.1875,570,FANG,SPRABERRY LOWER,10472,1798,48
330176.5625,571,FANG,WOLFCAMP B,10772,1450,44
181532.875,572,FANG,SPRABERRY LOWER,10472,1465,47
174671.25,573,FANG,SPRABERRY MIDDLE,10484,1484,47
132547.8125,574,FANG,SPRABERRY LOWER,10634,1479,47
122415.09375,575,FANG,WOLFCAMP A,10472,1794,47
282999.78125,576,FANG,WOLFCAMP B,10772,1781,48
172214.765625,577,FANG,SPRABERRY LOWER,10336,1809,47
133946.96875,578,FANG,SPRABERRY MIDDLE,10632,1785,47
71664.4609375,579,FANG,SPRABERRY LOWER,10622,1794,46
220502.40625,580,FANG,WOLFCAMP B,10772,1305,44
198421.828125,581,FANG,SPRABERRY LOWER,10702,1595,46
207669.765625,582,FANG,SPRABERRY MIDDLE,10682,1782,45
170056,584,COP,WOLFCAMP B,10173,2041,48
132619,585,COP,WOLFCAMP B,10461,2071,47
171853,586,COP,WOLFCAMP B,10468,2172,53
218428.015625,636,PXD,WOLFCAMP B,9966,1665,46
159695,651,APA,WOLFCAMP B,10450,1651,49
197422,652,APA,WOLFCAMP B,10471,1637,49
214567,653,APA,WOLFCAMP B,10468,1636,49
203676,654,PRIME,WOLFCAMP B,10466,1659,54
205171.375,655,APA,WOLFCAMP B,10424,1712,50
159583.625,656,APA,WOLFCAMP B,10407,1682,51
188390,657,APA,WOLFCAMP B,10425,1705,39
168179.171875,658,APA,WOLFCAMP B,10447,1663,48
161837.828125,659,APA,WOLFCAMP B,10452,1659,49
78864,685,PXD,WOLFCAMP C,11265,1632,42
114040,691,FANG,WOLFCAMP B,10180,1308,46
302168.0625,693,PXD,WOLFCAMP B,9908,1683,53
85220.71875,694,PXD,WOLFCAMP B,10058,1701,54
206594.046875,696,PXD,WOLFCAMP A,9907,1762,39
190380.90625,697,PXD,WOLFCAMP A,9908,1802,40
126423.0546875,701,PXD,WOLFCAMP B,9908,1731,53
101207,707,SABLE,WOLFCAMP A,10511,1737,24
62442,708,SABLE,WOLFCAMP A,10216,1737,36
170241,716,SUMMIT,WOLFCAMP B,9963,1825,40
181861.90625,719,OVV,WOLFCAMP A,10000,2207,39
94785.0703125,720,OVV,WOLFCAMP A,9985,2222,39
67927,721,OVV,WOLFCAMP A,9994,1796,43
164491.5625,724,OVV,WOLFCAMP A,9922,1871,45
109895.4375,725,OVV,WOLFCAMP A,10129,1824,43
138174,727,LARIO,WOLFCAMP D,10019,1944,51
113309,747,SUMMIT,WOLFCAMP B,10052,1901,45
264443.125,749,CVX,WOLFCAMP B,10291,1726,64
77178.953125,750,CVX,WOLFCAMP A,10277,145,6
163647.78125,751,CVX,WOLFCAMP B,10290,1614,65
320997.1875,752,CVX,WOLFCAMP A,10291,1732,64
229309,754,CVX,WOLFCAMP A,10262,1380.5,34
198799,760,CVX,WOLFCAMP B,10053,1995,74
49368.51953125,762,SABLE,WOLFCAMP A,10321,1641,24
42700.75390625,764,SABLE,WOLFCAMP A,10071,1662,23
97948.5859375,765,SABLE,WOLFCAMP B,10270,1535,38
89909.921875,766,SABLE,WOLFCAMP B,10666,1966,48
115818.765625,767,SABLE,WOLFCAMP A,10433,1406,14
70462.09375,768,SABLE,WOLFCAMP B,10620,1905,40
132971.859375,769,SABLE,WOLFCAMP A,10597,1393,25
113249.21875,770,SABLE,WOLFCAMP B,10645,1935,41
35017.6171875,771,SABLE,WOLFCAMP B,10965,1783,21
18181.248046875,772,SABLE,WOLFCAMP B,10695,1730,22
23652.142578125,774,SABLE,WOLFCAMP B,10879,1745,22
182986.296875,810,CRWNQST,WOLFCAMP B,10052,1955,47
151415.953125,811,CRWNQST,WOLFCAMP B,10232,1920,47
170411.0625,814,CRWNQST,WOLFCAMP A,10232,1910,47
214004.578125,815,CRWNQST,WOLFCAMP A,10232,1923,49
385484.34375,817,XOM,WOLFCAMP B,12928,1700,59
171150.65625,818,XOM,WOLFCAMP A,12917,1696,57
363163.46875,819,XOM,WOLFCAMP B,12938,1702,59
164250.515625,820,XOM,WOLFCAMP A,12921,1708,60
385977.84375,821,XOM,WOLFCAMP B,12960,1704,54
182553.15625,822,XOM,WOLFCAMP A,12910,1711,49
386124.15625,823,XOM,WOLFCAMP B,12917,1713,65
204711.84375,824,XOM,WOLFCAMP A,12916,1434,73
186491.4375,825,CRWNQST,WOLFCAMP A,10127,1773,39
92155.5625,826,CRWNQST,WOLFCAMP A,10127,1790,42
199570,828,CRWNQST,WOLFCAMP A,10177,1746,40
93906,852,LPI,WOLFCAMP A,10022,1961,50
103514.9921875,855,LPI,WOLFCAMP A,10022,984,49
123222,864,SABLE,WOLFCAMP B,10534,1910,37
71350.015625,868,SABLE,WOLFCAMP B,10524,1759,23
66334.078125,869,SABLE,WOLFCAMP A,10170,1841,24
82079.8671875,870,SABLE,WOLFCAMP B,10307,1844,23
78032.2578125,871,SABLE,WOLFCAMP B,10450,1786,23
38716.05078125,872,SABLE,WOLFCAMP B,10573,1767,26
149776,873,SABLE,WOLFCAMP B,10307,1821,41
40366.6640625,874,SABLE,WOLFCAMP C,10185,1799,26
79343,875,SABLE,WOLFCAMP B,10596,2541,55
168569.515625,877,PXD,WOLFCAMP B,10433,1677,44
92243.4765625,878,PXD,WOLFCAMP B,10406,1643,43
184411,879,PXD,WOLFCAMP B,10407,1760,46
117410.234375,898,COP,WOLFCAMP A,10348,2168,57
136476,903,LPI,WOLFCAMP A,9936,1413,53
104646,904,LPI,WOLFCAMP A,9936,2193,39
288360.4375,938,COP,WOLFCAMP A,10031,1839,74
151520.015625,969,SM,WOLFCAMP B,10337,1859,61
113163,970,SM,WOLFCAMP B,10372,1859,61
106381,971,SM,WOLFCAMP B,10376,1852,60
140979,974,SM,WOLFCAMP A,10389,1880,52
203091,975,SM,SPRABERRY LOWER,10383,1885,53
181423,979,LPI,WOLFCAMP A,10113,1870,58
303762.09375,980,PXD,WOLFCAMP B,10313,1794,43
140335.921875,981,PXD,WOLFCAMP B,10293,1727,44
211752,982,PXD,WOLFCAMP B,10119,1877,44
126785.5,997,FANG,WOLFCAMP B,10012,1918,50
175843.46875,1035,XOM,WOLFCAMP B,10338,1688,60
268869.59375,1036,XOM,WOLFCAMP B,10333,1706,60
158641.078125,1037,XOM,WOLFCAMP B,10204,1743,55
132218.125,1038,XOM,WOLFCAMP B,10310,1409,52
143922.796875,1039,XOM,WOLFCAMP A,10233,1671,62
172161.234375,1040,XOM,WOLFCAMP A,10335,1710,63
256230.09375,1041,XOM,WOLFCAMP A,10203,1691,55
139551.703125,1042,XOM,WOLFCAMP A,10203,1414,54
144016.078125,1043,XOM,SPRABERRY LOWER,10318,1708,62
165633.125,1044,XOM,SPRABERRY LOWER,10325,1406,57
351161.875,1056,OVV,SPRABERRY LOWER,10489,2273,50
177573.671875,1057,OVV,SPRABERRY LOWER,10818,2290,56
417826.3125,1058,OVV,SPRABERRY LOWER,10181,2375,58
248916.015625,1059,OVV,SPRABERRY LOWER,10172,2302,57
109241.265625,1060,ENDVR,WOLFCAMP B,10257,1630,45
89599.1484375,1063,ENDVR,WOLFCAMP A,10334,1573,45
131633.90625,1064,ENDVR,WOLFCAMP A,10337,1608,45
103984.84375,1065,ENDVR,WOLFCAMP B,10341,1606,45
152858.421875,1066,ENDVR,WOLFCAMP B,10341,1602,40
151355.765625,1067,ENDVR,WOLFCAMP A,10343,1603,42
137628.078125,1068,ENDVR,WOLFCAMP A,10271,1590,40
128261.2734375,1069,ENDVR,WOLFCAMP A,10353,1598,40
200025.6875,1070,ENDVR,WOLFCAMP B,10338,1604,41
104221,1105,DISCOVERY,WOLFCAMP A,14851,1940,36
105760.0078125,1106,DISCOVERY,WOLFCAMP B,14731,1949,36
94322.9921875,1107,DISCOVERY,WOLFCAMP B,10280,1430,41
88925,1108,DISCOVERY,WOLFCAMP A,10566,1889,33
70366,1109,DISCOVERY,WOLFCAMP B,10895,1719,30
104398,1110,DISCOVERY,WOLFCAMP A,10471,1900,33
73396,1111,DISCOVERY,WOLFCAMP A,10496,1895,34
53992,1112,DISCOVERY,WOLFCAMP B,10430,2130,55
65380,1113,DISCOVERY,WOLFCAMP B,10605,2387,49
46347,1114,DISCOVERY,WOLFCAMP A,10445,2160,52
41050,1115,DISCOVERY,WOLFCAMP A,10495,2232,44
48845.00390625,1116,DISCOVERY,WOLFCAMP A,10500,2260,45
57631.99609375,1117,DISCOVERY,WOLFCAMP B,10490,2042,52
54967,1118,DISCOVERY,WOLFCAMP A,10470,2153,51
60895,1119,DISCOVERY,WOLFCAMP A,10595,2299,44
61413,1120,DISCOVERY,WOLFCAMP B,10720,2140,53
77380,1121,DISCOVERY,WOLFCAMP B,11392,1734,42
69886,1122,DISCOVERY,WOLFCAMP A,11416,1731,42
66372,1123,DISCOVERY,WOLFCAMP B,11441,1727,41
120437,1124,DISCOVERY,WOLFCAMP B,10742,1713,53
67447,1125,DISCOVERY,WOLFCAMP A,10931,1838,51
63985,1126,DISCOVERY,WOLFCAMP B,11010,1801,46
133850,1128,DRIFTWOOD,WOLFCAMP B,10096,2605,72
128067,1162,SM,SPRABERRY LOWER,10356,1855,58
150653,1163,SM,SPRABERRY LOWER,10377,1857,59
203719,1167,SM,SPRABERRY LOWER,10357,1851,60
118281,1169,SUMMIT,WOLFCAMP B,10938,2385,44
116545,1170,SUMMIT,WOLFCAMP B,10928,2428,47
95978,1171,SUMMIT,SPRABERRY LOWER,10266,2577,45
104855,1172,SUMMIT,SPRABERRY LOWER,10594,2542,47
127705,1188,SUMMIT,WOLFCAMP B,10433,2353,47
99320,1189,SUMMIT,WOLFCAMP A,10952,1750,44
137805.234375,1198,SM,WOLFCAMP A,10396,1863,52
376445.53125,1199,SM,WOLFCAMP A,10378,1858,51
193141.765625,1200,SM,WOLFCAMP A,10359,1864,54
146567.3125,1201,SM,WOLFCAMP A,10365,1867,54
73312.3203125,1203,SM,WOLFCAMP B,10369,3747,55
240228.421875,1204,QEP,WOLFCAMP A,9907,1808,45
77944.859375,1205,QEP,SPRABERRY LOWER,9989,1513,37
192177,1213,PXD,SPRABERRY LOWER,10074,1891,55
192145,1216,PXD,WOLFCAMP B,9942,1971,54
220751.984375,1217,PXD,WOLFCAMP B,10062,1969,54
175368,1218,PXD,WOLFCAMP B,9942,1962,53
220785,1231,PXD,WOLFCAMP A,9921,1370,48
201799,1232,PXD,WOLFCAMP A,10137,1370,48
73954.4921875,1234,OXY,WOLFCAMP A,10156,1352.5,29
102721.7578125,1235,OXY,WOLFCAMP A,10107,1352.5,29
117900.671875,1236,OXY,WOLFCAMP A,9952,1599,37
99657,1265,XOM,WOLFCAMP B,10203,1101,24
112824,1266,XOM,WOLFCAMP B,10263,1115,37
123507,1267,XOM,WOLFCAMP B,10263,1513,36
142321,1268,XOM,WOLFCAMP A,10203,1515,57
90290.0078125,1269,XOM,WOLFCAMP A,10259,1109,27
125846.9921875,1270,XOM,WOLFCAMP A,10348,1202,46
101207,1271,XOM,WOLFCAMP A,10263,1521,35
100033.71875,1285,COP,WOLFCAMP B,10280,2020,57
142384.1875,1286,COP,WOLFCAMP B,10143,2016,57
332834,1289,PXD,WOLFCAMP B,10037,2258,40
274052,1290,PXD,WOLFCAMP B,10037,2244,40
258797,1293,PXD,WOLFCAMP A,10037,2013,41
69271,1299,HUNT,WOLFCAMP A,10349,1598,37
228149.296875,1319,ENDVR,WOLFCAMP B,10021,1600,43
196611.703125,1320,ENDVR,WOLFCAMP A,10021,1606,42
227227.5625,1321,FASKEN,SPRABERRY LOWER,9923,1441,50
175881.578125,1322,FASKEN,WOLFCAMP B,10674,1027,26
120960.7421875,1323,FASKEN,SPRABERRY LOWER,10624,1160,40
144039.625,1324,FASKEN,SPRABERRY MIDDLE,10476,1166,42
179595.6875,1325,FASKEN,SPRABERRY LOWER,10612,1362,48
171901.296875,1326,FASKEN,WOLFCAMP B,9901,833,37
131430.65625,1328,FASKEN,SPRABERRY LOWER,9992,1483,52
118900.0078125,1338,COP,SPRABERRY LOWER,9968,1475,38
260484.27,1339,SM,WOLFCAMP A,10307,1889,60
261027.2,1340,SM,WOLFCAMP A,10330,1889,60
289069.17,1341,SM,WOLFCAMP A,10118,1885,52
247730.015625,1344,CRWNQST,SPRABERRY LOWER,10247,1805,45
135137.03125,1346,CRWNQST,SPRABERRY MIDDLE,10262,1737,44
172746.265625,1347,CRWNQST,SPRABERRY LOWER,10207,1791,44
122183,1348,CRWNQST,SPRABERRY MIDDLE,10201,1632,44
129908.5078125,1356,PXD,SPRABERRY LOWER,10096,1366,41
138927.5625,1357,PXD,SPRABERRY LOWER,10030,1371,41
83696.546875,1360,SM,WOLFCAMP A,10282,1851,57
137283.71875,1361,SM,WOLFCAMP B,10287,1891,59
157261.375,1362,SM,SPRABERRY LOWER,10387,1862,51
209331.625,1363,SM,WOLFCAMP A,10387,1863,52
158064.546875,1368,CRWNQST,WOLFCAMP B,9930,2102,56
155495.421875,1369,CRWNQST,WOLFCAMP B,10167,2086,58
152300.1875,1370,CRWNQST,WOLFCAMP B,10083,2107,56
248692.515625,1371,CRWNQST,WOLFCAMP A,12212,1997,48
255262.375,1372,CRWNQST,WOLFCAMP B,12170,1987,48
195187.109375,1373,CRWNQST,WOLFCAMP B,12149,1862,49
330234.28125,1374,CRWNQST,WOLFCAMP A,12202,1927,48
183558,1375,CRWNQST,WOLFCAMP B,12142,1935,49
302101,1376,CRWNQST,WOLFCAMP B,12220,1993,50
187248.171875,1392,XOM,WOLFCAMP B,10338,1713,60
128601.75,1393,XOM,WOLFCAMP B,10322,1710,60
158156.109375,1394,XOM,WOLFCAMP B,10338,1706,61
162840.296875,1395,XOM,WOLFCAMP A,10352,1709,59
85721.1953125,1396,XOM,WOLFCAMP A,10355,1711,60
203153.828125,1397,XOM,WOLFCAMP A,10346,1701,60
88808.6875,1398,XOM,WOLFCAMP A,10345,1709,60
190353.71875,1399,XOM,WOLFCAMP C,10313,1930,70
169860,1421,LPI,WOLFCAMP A,10672,1828,56
127010.9921875,1425,LPI,WOLFCAMP B,10820,1811,55
101907.515625,1426,LPI,WOLFCAMP B,10832,1794,55
168950.484375,1427,LPI,WOLFCAMP A,10646,1840,56
121096.7890625,1428,LPI,WOLFCAMP B,10820,1817,59
175114.21875,1429,LPI,WOLFCAMP A,10820,1820,55
108468.1640625,1430,LPI,WOLFCAMP B,10850,1785,58
163430.84375,1431,LPI,WOLFCAMP A,10755,1847,55
89583,1432,LPI,WOLFCAMP A,10850,1806,55
125369,1433,LGCY,SPRABERRY LOWER,10282,1594,38
121984,1435,LGCY,SPRABERRY LOWER,10298,1626,38
139497,1436,LGCY,WOLFCAMP A,10290,1487,37
247756.703125,1441,LPI,WOLFCAMP D,9934,1794,64
112903,1443,LPI,WOLFCAMP D,9949,1769,65
100241.7265625,1445,LPI,WOLFCAMP D,9936,1817,66
164858.234375,1448,LPI,WOLFCAMP D,9924,1792,68
217994.984375,1478,CVX,WOLFCAMP B,9975,1678,62
126474.59375,1483,PXD,WOLFCAMP A,10022,2565,46
221071.078125,1484,PXD,WOLFCAMP A,10172,2558,46
142385.140625,1489,PXD,WOLFCAMP B,9924,1974,47
133369.765625,1492,PXD,WOLFCAMP A,10028,2614,46
215504.03125,1494,PXD,WOLFCAMP A,10487,1904,40
249672.609375,1495,PXD,WOLFCAMP A,10487,1907,40
274158.78125,1496,PXD,WOLFCAMP A,10337,1903,41
173139.796875,1498,PXD,WOLFCAMP B,9986,2006,42
204088.546875,1499,PXD,WOLFCAMP B,9986,1971,42
178776.78125,1500,PXD,WOLFCAMP A,10487,1876,42
266281.78125,1501,PXD,WOLFCAMP A,10337,1882,41
298177.71875,1502,PXD,WOLFCAMP A,10337,1876,42
185930.890625,1513,SABALO,WOLFCAMP A,10137,1988,40
187474,1547,CRWNQST,WOLFCAMP B,9953,1587,40
269313,1559,CRWNQST,WOLFCAMP A,9902,3073,72
187351.015625,1560,CRWNQST,WOLFCAMP A,10027,2008,52
217286.46875,1584,SM,WOLFCAMP A,9911,1881,62
188681.671875,1585,SM,WOLFCAMP A,9972,1868,62
156218.859375,1586,SM,WOLFCAMP A,9978,1864,64
190418,1587,SM,WOLFCAMP A,10057,1869,55
219993.609375,1607,SM,WOLFCAMP A,10349,1864,56
66823.5546875,1608,SM,WOLFCAMP A,10361,1862,56
202423.765625,1609,SM,WOLFCAMP A,10403,1869,60
171179.09375,1610,SM,WOLFCAMP B,10374,1860,57
298372,1611,SM,WOLFCAMP B,10376,1859,56
56892.5078125,1612,PXD,WOLFCAMP A,10259,1753,43
197780.5,1613,PXD,WOLFCAMP A,10256,1753,43
122381,1614,PXD,WOLFCAMP A,10181,1552,40
51092.38671875,1617,XOM,WOLFCAMP B,10386,1709,61
240416.640625,1618,XOM,WOLFCAMP B,10262,1711,61
253312.875,1620,XOM,WOLFCAMP B,10309,1705,54
92687.90625,1621,XOM,WOLFCAMP A,10330,1701,59
167283.65625,1622,XOM,WOLFCAMP A,10315,1710,59
111543.3828125,1623,XOM,WOLFCAMP A,10309,1709,54
116646.25,1624,XOM,WOLFCAMP A,10354,1745,56
229306.25,1625,HENRY,SPRABERRY LOWER,10249,1823,52
153720.515625,1626,HENRY,SPRABERRY LOWER,10474,1849,52
148311.21875,1627,HENRY,SPRABERRY LOWER,10830,1838,53
155592.828125,1628,HENRY,SPRABERRY LOWER,10463,1825,52
149847.1875,1629,HENRY,SPRABERRY LOWER,10183,1819,50
147925.9375,1630,HENRY,SPRABERRY LOWER,10000,1848,51
91058.015625,1632,HENRY,SPRABERRY LOWER,10288,1838,50
214154.4375,1641,INDEPENDENCE,SPRABERRY LOWER,10024,2041.5,50
131441,1647,PXD,WOLFCAMP B,9942,2295,44
176879,1660,LPI,WOLFCAMP A,10575,1832,58
164281,1661,LPI,WOLFCAMP A,10603,1838,58
125307.9921875,1717,PXD,WOLFCAMP B,9911,1718,49
112788,1718,PXD,WOLFCAMP B,9908,1736,48
107622,1719,PXD,WOLFCAMP B,9909,1751,48
155593.609375,1721,CRWNQST,SPRABERRY LOWER,9977,2001,51
123875.28125,1722,CRWNQST,SPRABERRY LOWER,10177,1997,49
196307.71875,1723,CRWNQST,SPRABERRY LOWER,10177,1964,49
61966.33984375,1733,HUNT,WOLFCAMP A,10032,1551,38
249600.71875,1734,HUNT,WOLFCAMP B,10032,1551,39
139325.6875,1735,HUNT,SPRABERRY LOWER,10038,1402,38
64476.9140625,1736,HUNT,WOLFCAMP B,10032,1538,39
149315.4375,1737,HUNT,WOLFCAMP A,10032,1557,38
114552.140625,1738,HUNT,WOLFCAMP A,10032,1539,39
327340.90625,1739,HUNT,SPRABERRY LOWER,10038,1403,38
148521.21875,1740,HUNT,WOLFCAMP B,10032,1542,38
253342.90625,1741,HUNT,SPRABERRY LOWER,10038,1403,40
210216,1753,HIBERNIA,WOLFCAMP B,9937,2188,73
135309.625,1765,COP,WOLFCAMP A,10223,2232,60
188676.375,1766,COP,WOLFCAMP B,10271,2174,62
106493,1767,TRP,WOLFCAMP A,10655,2209,60
128997,1768,TRP,WOLFCAMP A,10199,2245,62
174012,1769,TRP,WOLFCAMP A,10635,2192,61
230974.53125,1770,PXD,WOLFCAMP A,10343,1863,47
269893.46875,1771,PXD,WOLFCAMP B,10338,1791,54
172941,1772,PXD,WOLFCAMP B,10352,1738,51
287029.46875,1777,ENDVR,SPRABERRY LOWER,9949,1594,39
131208.390625,1778,ENDVR,WOLFCAMP A,9997,1587,41
236799.03125,1779,ENDVR,WOLFCAMP B,9901,1598,39
177573.1875,1782,FANG,SPRABERRY LOWER,10495,1822,51
280585.8125,1783,FANG,SPRABERRY LOWER,10495,1825,41
76950,1797,DISCOVERY,WOLFCAMP A,9911,2329,44
158330.921875,1799,SABLE,WOLFCAMP A,10374,1647,43
201486.828125,1811,ENDVR,WOLFCAMP B,9931,1986,58
128571,1818,PXD,SPRABERRY LOWER,10508,1696,41
133709,1819,PXD,SPRABERRY LOWER,10467,1665,38
185080.765625,1836,ENDVR,WOLFCAMP B,9926,1614,41
161357.515625,1838,LPI,WOLFCAMP B,12988,1780,55
162811,1842,LPI,WOLFCAMP B,10491,1794,56
157358,1843,LPI,WOLFCAMP B,10672,1815,57
157285,1845,LPI,WOLFCAMP B,9937,1846,58
89185,1846,LPI,WOLFCAMP A,14912,1831,57
83292.9921875,1847,LPI,WOLFCAMP A,14934,1836,58
138298,1848,LPI,WOLFCAMP A,14974,1809,61
83170,1849,LPI,WOLFCAMP A,14934,1844,59
168398,1869,SABLE,WOLFCAMP A,11297,1401,22
234539.984375,1885,OVV,WOLFCAMP A,10001,2037,50
64929.5625,1886,OVV,SPRABERRY LOWER,9921,2060,51
54057.55859375,1889,OVV,SPRABERRY LOWER,9922,2047,50
218339,1892,PXD,WOLFCAMP B,12722,2279,47
169825,1893,PXD,WOLFCAMP B,12722,1679,47
190657,1894,PXD,WOLFCAMP B,12572,2306,48
391849,1895,PXD,WOLFCAMP A,12722,1904,44
358375,1896,PXD,WOLFCAMP A,12722,1923,44
220691,1897,OVV,SPRABERRY LOWER,10479,1526,49
111289,1898,OVV,SPRABERRY LOWER,10562,1536,47
74710,1908,DISCOVERY,WOLFCAMP A,12986,1932,35
98943.0078125,1909,DISCOVERY,WOLFCAMP B,12836,2524,48
54866,1910,DISCOVERY,WOLFCAMP A,12596,1941,35
141346.84375,1911,SABLE,WOLFCAMP B,11456,32,1
118536.1484375,1912,SABLE,WOLFCAMP B,11402,33,1
79398,1913,DISCOVERY,WOLFCAMP A,12991,2554,47
65415,1914,DISCOVERY,WOLFCAMP A,12966,1934,35
174491.53125,1948,PXD,WOLFCAMP B,10028,1409,39
162786.15625,1949,PXD,WOLFCAMP B,10025,1408,39
132093.125,1950,PXD,WOLFCAMP B,10025,1409,39
123532,2024,LPI,WOLFCAMP B,10679,1786,59
108208,2029,FANG,WOLFCAMP B,10081,1299,43
78588,2030,FANG,WOLFCAMP B,10253,1307,45
74649,2031,FANG,WOLFCAMP B,10081,1576,37
152105.015625,2032,FANG,SPRABERRY LOWER,11724,1595,42
143679,2033,FANG,WOLFCAMP A,11585,1590,55
177040,2034,FANG,SPRABERRY LOWER,11600,1595,43
170516.375,2040,PXD,WOLFCAMP A,12225,1717,49
178553.625,2041,PXD,WOLFCAMP B,11769,1431,51
117823.15625,2042,PXD,SPRABERRY LOWER,10167,1954,40
211644.359375,2043,SM,SPRABERRY LOWER,10208,1869,60
169749.421875,2044,SM,WOLFCAMP B,10286,2518,77
313169.96875,2046,PXD,WOLFCAMP A,10022,2283,45
262480,2047,PXD,WOLFCAMP A,10022,2274,44
306923,2048,PXD,WOLFCAMP A,10022,2270,44
288003,2053,PXD,WOLFCAMP A,10022,2284,45
144009.75,2078,QEP,SPRABERRY LOWER,10123,1518,38
211549.234375,2080,QEP,WOLFCAMP A,10136,1808,45
86027.3828125,2081,QEP,WOLFCAMP D,9998,1577,38
142534.484375,2098,XOM,WOLFCAMP B,10303,1112,36
277051.46875,2099,XOM,WOLFCAMP A,10162,1101,37
219795.578125,2100,XOM,SPRABERRY LOWER,10357,1313,44
67332.4765625,2101,XOM,SPRABERRY LOWER,10354,1305,46
137979,2102,QEP,SPRABERRY LOWER,10031,1535,38
53425,2178,COP,WOLFCAMP B,10269,2991,78
151103.203125,2179,COP,WOLFCAMP A,10335,1674,43
114991.375,2180,COP,WOLFCAMP B,10309,1680,44
104761,2189,SM,WOLFCAMP A,10377,1859,60
121660,2190,SM,WOLFCAMP B,10375,1857,60
124652,2191,SM,WOLFCAMP B,10082,1878,62
169870,2198,PXD,WOLFCAMP B,10322,1852,46
250752.96875,2201,COP,WOLFCAMP A,10216,2033,48
64491.46484375,2202,COP,WOLFCAMP A,10232,2030,46
118115.5703125,2203,COP,WOLFCAMP B,10412,1995,49
117383,2206,PXD,WOLFCAMP B,10446,1824,45
111577.6796875,2207,PXD,WOLFCAMP A,10426,1677,45
145644.171875,2208,PXD,WOLFCAMP B,10418,1609,44
95363.140625,2209,PXD,WOLFCAMP B,10415,1541,45
175216,2210,PXD,WOLFCAMP B,10508,1778,40
301747.3125,2211,PXD,WOLFCAMP A,10460,1567,42
143567.875,2212,PXD,WOLFCAMP B,10478,1612,42
33279.8125,2213,PXD,WOLFCAMP B,10474,1545,44
149769,2214,PXD,WOLFCAMP B,10458,1708,37
220802,2215,PXD,WOLFCAMP B,10129,2617,65
45482.625,2218,FANG,SPRABERRY LOWER,11182,1595,39
211824.56,2231,CPE,SPRABERRY LOWER,10061,1908,56
212735.52,2232,CPE,SPRABERRY LOWER,10343,1866,56
193948.14,2233,CPE,SPRABERRY LOWER,10438,1996,61
183102.84,2234,CPE,SPRABERRY LOWER,10172,2027,60
205741.21,2235,CPE,SPRABERRY LOWER,10430,2029,63
145220.828125,2265,COP,SPRABERRY MIDDLE,10080,935,41
188893.671875,2269,COP,SPRABERRY LOWER,9928,1892,39
169432.828125,2271,COP,DEAN,9931,1892,39
89687.8099999997,2282,FANG,SPRABERRY MIDDLE,10000,1782,40
198167.25,2284,FANG,SPRABERRY LOWER,11111,1595,40
245461.546875,2310,ENDVR,SPRABERRY LOWER,10021,1606,43
174674.453125,2311,ENDVR,WOLFCAMP B,9960,1586,49
120200.34375,2314,ENDVR,WOLFCAMP A,9960,1593,46
104472,2320,SUMMIT,SPRABERRY LOWER,10036,1837,45
106398,2321,SUMMIT,WOLFCAMP A,9947,1750,43
230343.21875,2347,COP,WOLFCAMP A,10324,1709,46
112186.7890625,2348,COP,WOLFCAMP B,10328,1532,52
163527.015625,2349,SM,SPRABERRY LOWER,10361,1882,45
189369.9375,2350,SM,SPRABERRY LOWER,10368,1867,53
269336,2351,SM,WOLFCAMP A,10380,1863,53
79928.9921875,2354,OVV,WOLFCAMP A,9951,1617,34
91572,2355,OVV,WOLFCAMP A,9951,1617,34
186044.359375,2363,FANG,WOLFCAMP A,9937,1590,51
206347.71875,2364,FANG,WOLFCAMP B,9937,1305,49
214626.515625,2365,XOM,WOLFCAMP B,10326,2118,52
93298.78125,2366,XOM,WOLFCAMP B,10354,2092,51
195427.21875,2367,XOM,SPRABERRY LOWER,10335,1418,46
103556.421875,2368,XOM,WOLFCAMP A,10345,1706,51
198046.609375,2369,XOM,WOLFCAMP A,10325,1696,56
181026.375,2370,XOM,SPRABERRY LOWER,10344,1405,57
75866.0546875,2371,XOM,WOLFCAMP B,10301,2101,71
141726.59375,2372,XOM,WOLFCAMP B,10264,1704,57
132082.90625,2373,XOM,WOLFCAMP B,10204,1315,46
94702.1640625,2374,XOM,WOLFCAMP A,10204,1710,52
133256.140625,2375,XOM,WOLFCAMP A,10259,1309,41
66140.828125,2376,XOM,SPRABERRY LOWER,10253,1707,54
215009.9375,2377,XOM,SPRABERRY LOWER,10254,645,52
155414.59375,2378,XOM,SPRABERRY LOWER,10283,1295,48
275271,2381,XOM,WOLFCAMP B,10204,1422,52
144601.046875,2382,XOM,WOLFCAMP B,10354,1408,51
191427.859375,2383,XOM,WOLFCAMP B,10313,1596,58
164335.296875,2384,XOM,WOLFCAMP B,10203,1705,58
209149.96875,2385,XOM,WOLFCAMP A,10335,1662,6
189925.984375,2386,XOM,WOLFCAMP A,10327,1582,60
97900.5390625,2389,SURGE,WOLFCAMP A,14580,2114,39
128738.03125,2390,XOM,WOLFCAMP B,9899,1114,36
113514.2265625,2391,XOM,WOLFCAMP B,9903,1091,5
102086.390625,2392,XOM,WOLFCAMP B,10437,1108,36
149487.0625,2394,XOM,WOLFCAMP B,10304,1111,38
109089,2395,XOM,WOLFCAMP B,10452,1277,40
126957.859375,2396,XOM,WOLFCAMP B,10142,1116,36
171895,2397,XOM,WOLFCAMP B,10413,1705,56
110047.953125,2398,XOM,WOLFCAMP A,10363,1133,41
70272.8515625,2400,XOM,WOLFCAMP A,10413,1115,36
126797.1796875,2402,XOM,WOLFCAMP A,10414,1116,37
119990,2403,XOM,WOLFCAMP A,10113,1272,40
115852.78125,2404,XOM,WOLFCAMP A,10414,1114,37
152456.34375,2405,XOM,WOLFCAMP A,10414,1702,61
108302.5859375,2408,XOM,WOLFCAMP B,10204,1106,37
116265.1875,2409,XOM,WOLFCAMP B,10264,1105,38
106966.015625,2414,XOM,WOLFCAMP B,10454,1246,42
72288.546875,2415,XOM,WOLFCAMP A,10448,1266,50
67139.46875,2417,XOM,WOLFCAMP A,10343,1409,54
89568.4609375,2419,XOM,WOLFCAMP A,10364,1110,36
239837,2428,XOM,WOLFCAMP B,10322,1390,34
160182,2429,XOM,WOLFCAMP B,10312,1716,62
102421,2430,XOM,WOLFCAMP B,10272,1715,64
179917,2431,XOM,WOLFCAMP A,10293,82,5
264945,2432,XOM,WOLFCAMP A,10333,1715,61
155807,2433,XOM,WOLFCAMP A,10342,1434,35
182910.015625,2434,XOM,WOLFCAMP A,10312,1714,61
191665,2435,XOM,WOLFCAMP B,10328,1712,60
194270,2451,XOM,WOLFCAMP B,15524,1705,62
326021,2452,XOM,WOLFCAMP A,15996,1655,61
177752,2455,XOM,WOLFCAMP B,10281,1601,55
131349.765625,2456,XOM,WOLFCAMP B,10304,1709,60
135385.234375,2457,XOM,WOLFCAMP A,10308,1720,61
145643.59375,2458,XOM,WOLFCAMP B,10294,1707,54
136665.078125,2459,XOM,WOLFCAMP B,10353,1709,57
166176.921875,2460,XOM,WOLFCAMP A,10309,1703,54
156467,2461,XOM,WOLFCAMP A,12018,1470,47
103880.3828125,2467,XOM,WOLFCAMP B,10253,1106,38
129559.390625,2468,XOM,WOLFCAMP B,10154,1106,39
115177.3671875,2469,XOM,WOLFCAMP B,10155,1110,38
138777.25,2470,XOM,WOLFCAMP B,10254,557,20
86833.84375,2472,XOM,WOLFCAMP A,10304,1046,38
59828.03125,2473,XOM,WOLFCAMP A,10204,1386,46
108595.609375,2474,XOM,WOLFCAMP A,10204,192,9
105455.1953125,2475,XOM,WOLFCAMP A,10204,2707,52
195243.484375,2493,PXD,WOLFCAMP B,10084,2153,52
44386,2501,EOG,SPRABERRY LOWER,10168,1648.5,41
98295.75,2505,LPI,WOLFCAMP C,12785,1569,58
150156.25,2506,LPI,WOLFCAMP B,12548,2116,61
100853,2507,LPI,WOLFCAMP A,12548,3392,56
4779,2508,LPI,WOLFCAMP B,12759,1774,61
128759,2509,LPI,WOLFCAMP A,12759,1779,58
206348,2511,XOM,WOLFCAMP A,10203,1392,54
159846,2512,ENDVR,WOLFCAMP B,9938,1597,45
292798.875,2516,SM,WOLFCAMP A,10318,1890,61
155483.6875,2559,ENDVR,WOLFCAMP A,10134,1613,44
133596,2560,ENDVR,WOLFCAMP B,10237,1554,42
160820.125,2568,PXD,WOLFCAMP B,9966,2300,45
161570.015625,2570,PXD,WOLFCAMP B,9966,2308,45
184996.46875,2572,PXD,WOLFCAMP B,9966,2380,45
255395.140625,2576,COP,WOLFCAMP B,12950,2101,50
225512.015625,2577,COP,WOLFCAMP B,12957,2104,51
113659,2578,COP,WOLFCAMP B,9985,1955,50
151431,2579,COP,WOLFCAMP A,11334,2172,48
121691,2580,COP,SPRABERRY MIDDLE,10020,2356,47
167178,2581,COP,SPRABERRY LOWER,9990,2163,47
212064.3125,2584,COP,SPRABERRY LOWER,11687,2206,56
189369.09375,2585,COP,SPRABERRY MIDDLE,11551,2234,55
171450.984375,2586,COP,SPRABERRY LOWER,11484,2250,50
168240.375,2587,COP,SPRABERRY MIDDLE,11540,2199,48
215099.328125,2588,COP,SPRABERRY LOWER,11540,2016,49
248962.40625,2589,COP,SPRABERRY MIDDLE,11420,1998,50
249595.0625,2599,COP,SPRABERRY LOWER,10395,2015,49
153060.46875,2600,COP,SPRABERRY MIDDLE,10329,1950.5,48
165415.03125,2601,COP,SPRABERRY LOWER,10357,1872,59
96271.7265625,2602,COP,SPRABERRY MIDDLE,10353,1950.5,57
137088.828125,2603,COP,WOLFCAMP B,10498,1839,57
124932.71875,2604,COP,SPRABERRY LOWER,10158,2519,71
149578.21875,2605,COP,SPRABERRY MIDDLE,10025,2507,70
201317.78125,2606,COP,SPRABERRY LOWER,10399,2013,49
122029.390625,2608,COP,WOLFCAMP A,10409,1830,58
138509.625,2609,COP,WOLFCAMP B,10411,1839,58
176606.0625,2610,COP,SPRABERRY LOWER,10351,2246,56
171521.46875,2611,COP,SPRABERRY MIDDLE,10490,1950.5,48
159312,2614,OVV,SPRABERRY LOWER,9960,1991,49
182602.375,2615,OVV,SPRABERRY LOWER,10001,1991,49
331072.625,2616,OVV,SPRABERRY LOWER,9985,1991,49
88455,2672,QEP,WOLFCAMP D,10080,1408,35
147762.203125,2674,QEP,SPRABERRY LOWER,10559,1489,29
148091.765625,2675,QEP,WOLFCAMP B,10553,1484,35
79449.71875,2676,QEP,WOLFCAMP D,10540,1979,36
141171,2683,XOM,WOLFCAMP B,10055,1124,37
146719,2684,XOM,WOLFCAMP B,10143,1111,34
95531,2685,XOM,WOLFCAMP B,10142,944,31
108885,2686,XOM,WOLFCAMP A,10264,1086,34
155017,2687,XOM,WOLFCAMP B,10263,1220,39
123052,2688,XOM,WOLFCAMP B,10264,1109,38
71714,2691,XOM,WOLFCAMP A,10254,1409,53
107838,2692,XOM,WOLFCAMP A,10253,1110,38
104974,2693,XOM,WOLFCAMP A,10253,1410,54
90718,2694,XOM,WOLFCAMP A,10103,1124,35
130741,2695,XOM,WOLFCAMP A,10203,1415,53
110775,2696,XOM,WOLFCAMP A,10201,1107,36
109568.9921875,2697,XOM,WOLFCAMP A,10294,1426,54
94473,2698,XOM,SPRABERRY LOWER,10303,1303,45
113230.7890625,2706,GUIDON,WOLFCAMP B,10751,2022,50
78071.0390625,2707,GUIDON,WOLFCAMP A,10814,2034,52
203161.46875,2708,GUIDON,SPRABERRY LOWER,10658,2560,62
394342.8125,2709,GUIDON,SPRABERRY LOWER,10720,1604,35
111865.1328125,2714,QEP,WOLFCAMP A,10191,1797,33
166758,2717,COP,WOLFCAMP B,10241,1819,45
246430,2722,PXD,WOLFCAMP A,10398,1956,47
189206,2723,PXD,WOLFCAMP B,10434,1776,57
209368.015625,2724,PXD,WOLFCAMP B,10368,1977,53
234731,2725,PXD,WOLFCAMP A,10368,1976,53
146994.25,2749,SM,SPRABERRY LOWER,10418,1869,59
160557.28125,2750,SM,SPRABERRY LOWER,10419,1870,59
222749.390625,2751,SM,WOLFCAMP A,10418,2509,76
238973.375,2752,SM,WOLFCAMP A,10418,1869,59
207816.09375,2753,SM,WOLFCAMP B,10412,1870,60
117825.2265625,2754,SM,SPRABERRY LOWER,10500,1845,52
190959.984375,2755,SM,WOLFCAMP A,10509,1871,52
219693.46875,2756,SM,WOLFCAMP A,10473,1847,50
164258.921875,2757,SM,WOLFCAMP A,10452,1850,51
195048.03125,2777,COP,WOLFCAMP B,9999,1824,38
89225.34375,2811,SM,SPRABERRY MIDDLE,10113,1900,54
138495.640625,2812,SM,SPRABERRY LOWER,10415,1868,45
237763,2813,SM,DEAN,10398,1860,45
211502.234375,2814,SM,DEAN,10384,1850,46
206106.515625,2868,SM,WOLFCAMP A,10501,1871,52
174853,2869,SM,WOLFCAMP A,10491,1875,51
206779.1875,2870,XOM,WOLFCAMP B,10203,1294,43
145390,2871,XOM,WOLFCAMP B,10263,1696,58
180680.03125,2872,XOM,WOLFCAMP A,10203,1313,42
148647.46875,2873,XOM,WOLFCAMP A,10203,1710,57
162374.6875,2874,XOM,SPRABERRY LOWER,10254,1316,43
105612.9765625,2875,XOM,SPRABERRY LOWER,10254,1513,45
102123.4609375,2876,XOM,SPRABERRY LOWER,10230,1712,54
184067,2877,XOM,WOLFCAMP B,10203,2094,76
151672.1875,2878,XOM,WOLFCAMP B,10103,1715,65
93492.78125,2879,XOM,WOLFCAMP A,10291,1709,16
147533.28125,2880,XOM,WOLFCAMP A,10258,1733,64
122469.3671875,2881,XOM,SPRABERRY LOWER,10053,1711,16
170266.015625,2882,XOM,SPRABERRY LOWER,10258,1716,59
63530.00390625,2883,XOM,SPRABERRY LOWER,10203,1389,53
209501.671875,2884,SM,WOLFCAMP A,10388,1891,60
166199.109375,2885,SM,WOLFCAMP B,10400,1882,60
192531.75,2886,ESTE,WOLFCAMP A,9920,2581,39
102173.0078125,2887,FANG,SPRABERRY LOWER,9951,1616,41
83188.84375,2888,FANG,SPRABERRY LOWER,9951,1629,41
386773.625,2889,FANG,WOLFCAMP A,10103,1590,37
179692.359375,2890,FANG,WOLFCAMP A,10090,1590,38
95363.8984375,2891,FANG,SPRABERRY LOWER,9951,1618,42
201658.546875,2892,FANG,WOLFCAMP A,10001,1590,39
72344.3828125,2893,FANG,SPRABERRY LOWER,9951,1595,39
146159.046875,2896,PXD,WOLFCAMP A,10022,1769,49
135848.390625,2898,PXD,WOLFCAMP B,10022,2764,45
135848.390625,2899,PXD,WOLFCAMP B,10022,1679,41
175706,2903,PXD,WOLFCAMP A,10022,1721,49
194831.984375,2905,PXD,WOLFCAMP B,10022,3420,75
219792,2906,PXD,WOLFCAMP B,10022,3224,72
240393,2907,PXD,WOLFCAMP B,10022,3394,74
126851,2912,XOM,WOLFCAMP B,10084,1111,36
98650,2914,XOM,WOLFCAMP A,9904,1451,53
109335,2916,XOM,WOLFCAMP A,10353,1449,51
109770.046875,2918,XOM,WOLFCAMP B,10303,1406,54
232271.265625,2919,XOM,WOLFCAMP A,10304,1408,52
60799.6875,2920,XOM,WOLFCAMP C,10305,1707,61
117862.6484375,2921,XOM,WOLFCAMP B,10303,1423,35
244565.34375,2922,XOM,WOLFCAMP A,10303,1418,54
195777.140625,2923,XOM,WOLFCAMP B,10304,1364,53
136481.859375,2924,XOM,WOLFCAMP A,10304,1430,52
78601.9140625,2925,XOM,WOLFCAMP B,10303,1410,54
156806.15625,2926,XOM,WOLFCAMP B,10310,1415,51
71587.84375,2927,XOM,WOLFCAMP A,10310,1438,50
187108.59375,2937,CVX,SPRABERRY LOWER,9938,2066.5,51
167954.71875,2943,CVX,SPRABERRY LOWER,10336,2061,36
193723.796875,2979,PXD,WOLFCAMP B,9939,1993,53
135561.203125,2980,PXD,WOLFCAMP B,9990,1948,56
399123,2994,PXD,WOLFCAMP A,11078,2534,51
391760,2995,PXD,WOLFCAMP A,11228,2488,50
213222.015625,2996,PXD,WOLFCAMP B,11260,3012,57
193594,2997,PXD,WOLFCAMP B,11260,3020,57
183486.984375,2998,PXD,WOLFCAMP B,11240,3017,57
299607,2999,PXD,WOLFCAMP A,11228,2559,51
311707,3000,PXD,WOLFCAMP A,11078,2528,50
208969,3001,PXD,WOLFCAMP B,11106,3141,54
213840,3002,PXD,WOLFCAMP B,11258,3119,54
279407,3007,APA,WOLFCAMP A,10378,1676,50
135798.0625,3008,APA,WOLFCAMP B,10374,1677,50
221041.9375,3009,APA,WOLFCAMP A,10399,1637,46
125559.5,3010,APA,WOLFCAMP B,10419,1656,51
214456.5,3011,APA,WOLFCAMP A,10380,1659,51
137632,3012,APA,WOLFCAMP B,10431,1653,51
139373.40625,3019,XOM,WOLFCAMP B,10205,1685,58
84268.265625,3020,XOM,WOLFCAMP B,10203,2515,54
532528.625,3021,XOM,WOLFCAMP A,10204,1434,35
116285.875,3022,XOM,WOLFCAMP A,10191,1723,62
97005.5703125,3023,XOM,WOLFCAMP A,10204,2509,53
69180.828125,3024,XOM,SPRABERRY LOWER,10294,1410,52
83189.9140625,3025,XOM,SPRABERRY LOWER,10204,1410,54
122326.875,3026,XOM,SPRABERRY LOWER,10267,1122,40
104224.6640625,3027,XOM,SPRABERRY LOWER,10299,1106,45
104840.0078125,3028,XOM,SPRABERRY LOWER,10200,1108,45
233912.12,3030,SM,WOLFCAMP A,10311,1876,53
284443.19,3031,SM,WOLFCAMP A,10315,1871,53
362482.15625,3039,FANG,WOLFCAMP B,13005,1305,32
165454.125,3042,SURGE,WOLFCAMP A,10677,2097,39
328119.4375,3048,PXD,WOLFCAMP A,10407,1700,38
102696.5546875,3049,PXD,WOLFCAMP B,10410,1646,41
180658.46875,3051,PXD,WOLFCAMP A,10339,1897,49
74083,3061,LARIO,WOLFCAMP D,9924,1902.5,50
91892.828125,3087,DISCOVERY,WOLFCAMP A,13556,1921,36
67209.6484375,3088,DISCOVERY,WOLFCAMP A,13581,1887,34
173259.984375,3091,ENDVR,WOLFCAMP B,10231,1594,42
148563.71875,3092,ENDVR,SPRABERRY LOWER,10291,1421,32
163597.296875,3093,ENDVR,WOLFCAMP A,10321,1606,42
205743.59375,3115,COP,WOLFCAMP B,10360,2003,49
145772.390625,3116,COP,WOLFCAMP B,10364,2002,50
223943.375,3117,COP,WOLFCAMP B,10339,2012,49
159650.375,3118,COP,WOLFCAMP B,10824,1839,45
204714.921875,3119,COP,WOLFCAMP B,10347,2511,58
393279.625,3120,COP,WOLFCAMP A,10250,2519,60
133764.453125,3121,COP,WOLFCAMP A,10462,2489,59
179995.6875,3122,COP,WOLFCAMP B,13143,1979,45
157617.609375,3123,COP,WOLFCAMP B,13085,1987,46
193759.703125,3124,COP,WOLFCAMP B,13088,1987,46
169816.578125,3125,SURGE,WOLFCAMP A,12211,1389,40
179459.1875,3126,SURGE,WOLFCAMP A,12211,2105,40
188202.34375,3127,SURGE,WOLFCAMP A,12191,2104,40
153898.046875,3142,XOM,SPRABERRY LOWER,10003,1314,43
175194.3125,3144,XOM,WOLFCAMP A,10378,1855,61
142162.3125,3145,XOM,SPRABERRY LOWER,10353,1413,55
105488.4921875,3146,XOM,SPRABERRY LOWER,10342,1509,49
66246,3148,XOM,SPRABERRY MIDDLE,10335,1622,51
156212.6875,3149,XOM,SPRABERRY LOWER,10353,1410,56
114870.5859375,3150,XOM,SPRABERRY LOWER,10317,1424,55
114379.4453125,3154,COP,WOLFCAMP B,10355,2259,64
132079.71875,3155,COP,WOLFCAMP B,10305,2230,67
173707.828125,3156,COP,WOLFCAMP A,10301,2175,77
137201,3165,LARIO,WOLFCAMP B,10113,2463,48
97197.6875,3202,GRENADIER,WOLFCAMP A,10482,2160,59
210671.734375,3203,GRENADIER,WOLFCAMP A,10426,2167,55
160149.296875,3204,GRENADIER,SPRABERRY LOWER,10482,2234,53
269876.375,3205,PXD,WOLFCAMP B,10401,1685,43
169418.609375,3206,PXD,WOLFCAMP C,10408,1909,53
139085,3207,PXD,WOLFCAMP B,10364,1923,52
181132,3208,PXD,WOLFCAMP B,10407,1627,45
115874.96875,3217,SURGE,WOLFCAMP A,12176,2114,40
96892,3218,PXD,WOLFCAMP B,10386,1875,51
133499.78125,3219,PXD,WOLFCAMP A,10184,1679,35
167617.875,3220,PXD,WOLFCAMP B,10245,1941,41
96349.3359375,3221,PXD,WOLFCAMP B,10257,1928,43
118025,3222,PXD,WOLFCAMP C,10438,1883,48
240567,3223,PXD,WOLFCAMP B,10515,1878,48
164239,3224,PXD,WOLFCAMP A,10060,1552,41
116166,3225,PXD,WOLFCAMP B,10055,1906,42
106452,3227,SURGE,WOLFCAMP A,12091,118,3
145719,3229,SM,SPRABERRY LOWER,10372,1834,59
210473,3230,SM,WOLFCAMP A,10369,1810,59
136485.78125,3232,XOM,WOLFCAMP A,9904,1712,56
75369.5703125,3233,XOM,SPRABERRY LOWER,10309,2302,83
123296,3234,XOM,SPRABERRY LOWER,10355,1494,51
207830.328125,3235,XOM,SPRABERRY LOWER,10203,1405.5,35
140667.234375,3257,COP,WOLFCAMP B,10711,2223,70
242261.875,3258,COP,SPRABERRY LOWER,10660,2163,69
266545.75,3259,COP,SPRABERRY LOWER,11247,2240,69
318019.9375,3261,COP,SPRABERRY LOWER,11743,1872,46
268419.65625,3262,COP,SPRABERRY LOWER,11291,2215,64
172275,3263,COP,WOLFCAMP B,10560,1992,49
217101.296875,3264,COP,SPRABERRY LOWER,10399,2005,48
331072.28125,3265,COP,SPRABERRY LOWER,10377,1872,50
159735.234375,3281,XOM,WOLFCAMP A,10295,2043,71
88278.171875,3282,XOM,WOLFCAMP B,10274,1405,51
172394.765625,3283,XOM,WOLFCAMP A,10291,1434,35
286948.125,3284,XOM,WOLFCAMP A,10283,850,53
264057.96875,3285,XOM,WOLFCAMP A,10298,1434,35
265685.59375,3286,XOM,WOLFCAMP A,10286,1420,52
314871.1875,3287,XOM,SPRABERRY LOWER,10293,1432,53
181343.6875,3288,XOM,SPRABERRY LOWER,10298,1417,50
59225.65625,3289,XOM,SPRABERRY LOWER,10313,1404,52
97479.9375,3290,XOM,SPRABERRY LOWER,10295,1428,51
90248.6875,3291,XOM,SPRABERRY LOWER,10288,1415,51
190305.359375,3292,XOM,WOLFCAMP B,10288,2070,79
115236.6484375,3293,XOM,SPRABERRY LOWER,10278,2072,80
219366.03125,3322,COP,WOLFCAMP B,10526,2212,64
257607.265625,3323,COP,SPRABERRY LOWER,10490,2212,64
170338.671875,3324,COP,WOLFCAMP B,10606,2039,47
201973.34375,3325,COP,SPRABERRY LOWER,10320,2004,49
233641.59375,3331,COP,WOLFCAMP B,10977,2259,61
313080.5,3332,COP,SPRABERRY LOWER,11043,2246,63
244199.296875,3333,COP,WOLFCAMP B,11694,2236,66
214239.28125,3334,COP,SPRABERRY LOWER,11790,2202,65
151194.453125,3335,COP,SPRABERRY LOWER,11759,2245,64
224620.765625,3342,COP,WOLFCAMP B,10379,2177,68
313209.125,3343,COP,SPRABERRY LOWER,10392,2104,66
221814.375,3345,COP,SPRABERRY LOWER,10434,2176,65
188698.328125,3346,COP,DEAN,10485,2204,63
264583.375,3347,COP,SPRABERRY LOWER,11371,2220,71
202414.5625,3349,COP,SPRABERRY LOWER,13160,2007,49
174740.890625,3350,COP,SPRABERRY LOWER,12948,2012,46
158746,3351,COP,SPRABERRY LOWER,12983,1996,47
117028.75,3352,COP,WOLFCAMP B,10424,2009,48
286369,3360,COP,WOLFCAMP B,10326,2243,61
252665.203125,3361,COP,SPRABERRY LOWER,10290,2256,58
157922.359375,3362,COP,SPRABERRY LOWER,10395,3071,73
170258.421875,3363,COP,SPRABERRY LOWER,10352,2241,58
241421.09375,3366,COP,SPRABERRY MIDDLE,10334,2222,67
221388.703125,3367,COP,SPRABERRY MIDDLE,13133,1997,50
249083.53125,3368,COP,SPRABERRY MIDDLE,13077,1993,46
211532.15625,3369,COP,SPRABERRY MIDDLE,13160,1994,50
83529.1015625,3383,PXD,WOLFCAMP C,10082,964,24
67152.03125,3384,PXD,WOLFCAMP A,9967,1158,24
181304.34375,3385,PXD,WOLFCAMP B,10010,1038,25
60330.91796875,3386,PXD,WOLFCAMP C,9912,1007,23
179102,3392,PXD,WOLFCAMP C,9910,1700,54
147056,3393,PXD,WOLFCAMP C,9908,1711,54
215480,3394,PXD,WOLFCAMP C,9907,1716,55
163373,3418,SURGE,WOLFCAMP A,12211,1229,25
194923,3419,SURGE,WOLFCAMP A,12211,2139,38
157159,3431,COP,WOLFCAMP B,10383,1677,41
74003,3433,OXY,WOLFCAMP A,9912,128,30
47636,3434,OXY,WOLFCAMP A,10023,896,29
57026.99609375,3435,OXY,WOLFCAMP A,9904,1352.5,36
72586,3437,OXY,WOLFCAMP A,9983,1352.5,34
379630.65625,3449,OVV,SPRABERRY LOWER,10398,1946,47
177148.875,3450,OVV,WOLFCAMP A,10379,1946,46
137339.28125,3451,OVV,WOLFCAMP A,10359,1952,47
146222.1875,3452,OVV,SPRABERRY LOWER,10407,1943,46
395958.03125,3453,OVV,WOLFCAMP A,10414,1927,46
166743.75,3454,OVV,WOLFCAMP A,10414,1936,46
150795.875,3455,OVV,SPRABERRY LOWER,10432,1932,46
142518.328125,3456,OVV,SPRABERRY LOWER,10383,1946,46
257549.90625,3457,OVV,WOLFCAMP A,10482,1898,47
159174.296875,3458,OVV,SPRABERRY LOWER,10397,1991,49
159604.875,3459,OVV,SPRABERRY LOWER,10415,1991,49
430141.90625,3460,OVV,WOLFCAMP B,10161,1757.5,43
217746,3473,PXD,WOLFCAMP B,10207,1665,55
199113,3474,PXD,WOLFCAMP B,10208,1735,55
194466,3475,PXD,WOLFCAMP B,10208,1610,54
181645,3476,PXD,WOLFCAMP B,10158,1675,53
214378,3477,PXD,WOLFCAMP B,10207,1718,55
145232,3478,PXD,WOLFCAMP A,10022,2045,50
192424,3479,PXD,WOLFCAMP A,10022,2040,49
184705,3480,PXD,WOLFCAMP A,10022,2032,49
249730.34375,3504,PXD,WOLFCAMP B,12181,1678,54
180732.453125,3505,PXD,WOLFCAMP B,12181,1672,54
172947.625,3510,PXD,WOLFCAMP A,13172,2566,51
176172.484375,3511,PXD,WOLFCAMP A,13309,1786,49
190783,3526,PXD,WOLFCAMP B,9907,1652,54
94086.421875,3528,PXD,WOLFCAMP B,9924,1381,39
146869.609375,3529,PXD,WOLFCAMP B,9987,1405,40
182062,3531,PXD,WOLFCAMP B,10022,2000,55
168738.859375,3532,PXD,WOLFCAMP B,10022,1297,55
173023,3546,PXD,WOLFCAMP B,10022,1691,55
129417.9296875,3625,COP,SPRABERRY LOWER,9976,1833,41
251203.015625,3627,FANG,WOLFCAMP A,10693,1587,35
282104,3628,FANG,WOLFCAMP A,10627,1597,36
76683.5234375,3632,SABLE,WOLFCAMP A,9903,55,2
32359.119140625,3633,SABLE,WOLFCAMP A,9944,2520,51
49250.48828125,3638,SABLE,WOLFCAMP B,9907,2540,52
72396.8671875,3640,SABLE,WOLFCAMP B,9905,2539,52
165941,3648,FANG,DEAN,10316,1591,40
117399,3649,FANG,SPRABERRY LOWER,10311,1592,40
189883,3650,FANG,DEAN,9919,1636,42
164368,3651,FANG,SPRABERRY LOWER,10070,1610,41
152263.078125,3652,PXD,WOLFCAMP B,9938,1931,41
222671,3655,ENDVR,WOLFCAMP B,11659,1598,39
164751.015625,3663,PXD,WOLFCAMP B,10801,1844,44
231586.6875,3664,PXD,WOLFCAMP B,10383,1736,47
65278.3203125,3665,PXD,WOLFCAMP C,10413,1728,52
183376,3666,PXD,WOLFCAMP B,10396,1896,46
145706,3675,PXD,WOLFCAMP A,9990,1995,47
187455,3676,PXD,WOLFCAMP B,10297,1857,45
192281.015625,3711,ENDVR,WOLFCAMP B,10171,1630,44
196679.8125,3712,ENDVR,SPRABERRY MIDDLE,10145,1610,43
118696.1796875,3713,ENDVR,WOLFCAMP A,10210,1586,50
118687.8203125,3714,ENDVR,WOLFCAMP A,10234,1574,44
150601.890625,3715,ENDVR,WOLFCAMP B,10313,1608,43
187367.625,3716,ENDVR,WOLFCAMP A,10294,1578,42
178099.671875,3717,ENDVR,WOLFCAMP A,10272,1615,43
209864.25,3732,ENDVR,DEAN,10369,1599,42
232945.765625,3733,ENDVR,WOLFCAMP B,10297,1605,42
150132.21875,3734,ENDVR,SPRABERRY LOWER,10328,1605,41
166851.515625,3735,ENDVR,DEAN,10333,1604,43
148635.359375,3736,ENDVR,SPRABERRY LOWER,10267,1590,42
193714.359375,3737,ENDVR,DEAN,10183,1603,42
139925.390625,3738,ENDVR,SPRABERRY MIDDLE,10277,1607,40
220387.296875,3739,ENDVR,WOLFCAMP B,10232,1592,42
188598.890625,3740,ENDVR,WOLFCAMP A,10357,1563,54
195398.421875,3741,ENDVR,WOLFCAMP B,10315,1607,42
207790.078125,3742,ENDVR,WOLFCAMP A,10329,1604,43
166217.484375,3743,ENDVR,WOLFCAMP B,10287,1611,42
126319.9921875,3744,ENDVR,WOLFCAMP B,9978,1589,46
121333.5546875,3745,ENDVR,WOLFCAMP A,10038,1580,50
105234.390625,3746,ENDVR,WOLFCAMP B,10092,1591,50
172354.1875,3747,ENDVR,WOLFCAMP A,10310,1606,52
200606.171875,3748,ENDVR,WOLFCAMP B,10200,1608,46
121720.28125,3756,PXD,SPRABERRY LOWER,10147,2215,54
142532,3757,PXD,SPRABERRY LOWER,10154,2166,53
128512,3774,PXD,WOLFCAMP B,10172,2591,55
86896.5390625,3775,PXD,WOLFCAMP B,10172,2586,55
140218.078125,3776,PXD,WOLFCAMP B,9952,1676,47
76244.2890625,3777,PXD,WOLFCAMP B,9952,1710,48
141440.65625,3779,PXD,WOLFCAMP B,12752,1692,48
277446.84375,3780,PXD,WOLFCAMP B,12793,1704,48
50770.38671875,3783,PXD,WOLFCAMP B,10047,962,38
69414.1796875,3797,SABLE,WOLFCAMP A,10064,1734,23
120231.734375,3798,SABLE,WOLFCAMP B,10106,2009,44
450.000061035156,3800,SABLE,WOLFCAMP B,10004,1785,22
50228,3803,PXD,WOLFCAMP B,10202,1085,20
104376.0859375,3814,ENDVR,WOLFCAMP A,10332,1813,46
162755,3815,SURGE,WOLFCAMP A,13061,2129,39
307282,3859,PXD,WOLFCAMP B,12904,1387,41
274265,3860,PXD,WOLFCAMP B,11089,1273,40
185947,3862,PXD,WOLFCAMP B,10013,1548,36
126497,3881,PXD,WOLFCAMP A,9909,1721,47
54671,3884,PXD,WOLFCAMP A,9906,1301,44
204193,3915,PXD,WOLFCAMP A,10247,1689,47
283308,3917,PXD,WOLFCAMP A,10208,1714,48
174492,3942,PXD,WOLFCAMP B,12255,2521,46
227397,3943,PXD,WOLFCAMP B,11378,2513,45
256544.015625,3944,PXD,WOLFCAMP B,12157,2489,45
272299,3948,PXD,WOLFCAMP A,9980,2521,52
258012,3949,PXD,WOLFCAMP A,9980,2499,51
137331,3971,SURGE,WOLFCAMP A,12171,2108,41
93816,3976,FANG,SPRABERRY LOWER,10001,1595,40
151045,3977,FANG,WOLFCAMP A,10001,1578,40
118237,3978,FANG,WOLFCAMP B,10056,1559,40
146347,3980,FANG,WOLFCAMP A,10022,1676,40
127149.0078125,3981,FANG,SPRABERRY LOWER,10150,1663,35
208386,3982,FANG,WOLFCAMP A,10025,1648,35
115378,3983,FANG,WOLFCAMP B,10150,1660,35
37360.7109375,3987,HUNT,WOLFCAMP A,11026,1540,35
187017.734375,3988,HUNT,WOLFCAMP B,10646,1539,36
62302.1640625,3989,HUNT,WOLFCAMP A,10982,1551,38
73562.890625,3990,HUNT,WOLFCAMP A,10982,1558,37
52047.05859375,3991,HUNT,WOLFCAMP A,10664,1512,37
65813.8125,3992,HUNT,WOLFCAMP B,10837,1543,37
48772.43359375,3993,HUNT,SPRABERRY MIDDLE,10805,1548,38
97896.1328125,3994,HUNT,SPRABERRY LOWER,10831,1568,36
78918.125,3995,HUNT,SPRABERRY LOWER,10602,1577,38
168613.578125,4042,PXD,WOLFCAMP B,10507,1748,53
98270.890625,4043,PXD,SPRABERRY LOWER,10327,885,47
129199.703125,4044,PXD,SPRABERRY LOWER,10328,892,47
310917.46875,4045,CVX,SPRABERRY LOWER,10248,2066.5,51
280459.25,4046,CVX,SPRABERRY LOWER,10236,2066.5,51
324482.15625,4047,CVX,SPRABERRY LOWER,10187,2066.5,51
284417.40625,4048,CVX,SPRABERRY LOWER,10274,2066.5,51
271221,4049,CVX,SPRABERRY LOWER,10262,2087,50
208247.6875,4051,CVX,WOLFCAMP B,10298,3078,79
305836.5,4052,CVX,SPRABERRY LOWER,10276,2117,53
174695.25,4053,CVX,WOLFCAMP A,10321,3057,79
331498.25,4054,CVX,SPRABERRY LOWER,10161,2026,53
181526.15625,4055,CVX,WOLFCAMP B,10186,3119,80
409267.71875,4056,CVX,SPRABERRY LOWER,10154,2146,55
139298.8125,4057,CVX,WOLFCAMP A,9966,1297,29
129381.40625,4058,CVX,WOLFCAMP B,10011,1292,29
119943.46875,4061,CVX,WOLFCAMP B,9964,1315,30
107300.5703125,4062,CVX,WOLFCAMP B,10026,1312,30
96324.40625,4063,CVX,WOLFCAMP B,9903,1645,41
125691,4135,SABLE,WOLFCAMP B,9974,2516,52
98827.5390625,4136,FANG,WOLFCAMP A,10261,1590,47
139007.46875,4137,FANG,WOLFCAMP B,10309,1305,45
201649,4138,DRIFTWOOD,WOLFCAMP B,10361,2580,71
198815.328125,4165,PXD,WOLFCAMP B,9902,1371,50
210709.703125,4166,PXD,WOLFCAMP B,9903,1395,51
243997.46875,4168,PXD,WOLFCAMP B,9909,1716,54
138220.53125,4172,PXD,WOLFCAMP A,9903,1906,42
181319,4183,PXD,WOLFCAMP B,9982,2012,53
220782,4202,HIBERNIA,WOLFCAMP B,14139,1889,47
150960,4203,HIBERNIA,WOLFCAMP B,10748,2737,73
180453,4204,XOM,WOLFCAMP B,10322,1707,54
104654,4205,XOM,WOLFCAMP A,10314,1711,60
242723,4206,OXY,WOLFCAMP A,9951,1352.5,33
158874.25,4208,OXY,SPRABERRY LOWER,10101,1206,47
102240.46875,4209,OXY,SPRABERRY LOWER,9901,1206,47
244026.703125,4214,FANG,SPRABERRY LOWER,10336,1595,37
165235,4215,FANG,WOLFCAMP B,10401,1305,40
202451,4248,SURGE,WOLFCAMP A,12213,2108,40
217277.1875,4282,CVX,SPRABERRY LOWER,10154,2061,50
192342.359375,4283,CVX,WOLFCAMP B,10280,1715,74
192342.359375,4284,CVX,WOLFCAMP B,10280,1645,41
167705.28125,4285,CVX,SPRABERRY LOWER,10280,2002,48
268348.625,4286,CVX,WOLFCAMP B,10282,1707,71
251145.03125,4287,CVX,SPRABERRY LOWER,10246,2023,51
144530.875,4288,CVX,WOLFCAMP B,10282,1693,72
233735.84375,4289,CVX,SPRABERRY LOWER,10155,2040,49
230694.28125,4290,CVX,WOLFCAMP B,10281,1645,77
207870.40625,4291,CVX,SPRABERRY LOWER,10153,2070,52
273951,4292,CVX,WOLFCAMP B,10259,1745,81
221289.984375,4293,CVX,SPRABERRY LOWER,10155,2066,52
245372.59375,4294,CVX,SPRABERRY LOWER,10233,2049,47
253599.609375,4295,CVX,SPRABERRY LOWER,10263,2066.5,51
232031.421875,4296,CVX,SPRABERRY LOWER,10264,2044,47
374711.8125,4297,CVX,DEAN,10275,2080,50
269624.34375,4298,CVX,SPRABERRY LOWER,10312,2069,50
87782.9921875,4300,CVX,SPRABERRY MIDDLE,10337,2073,50
111938.78125,4309,OXY,SPRABERRY LOWER,10502,1206,30
117445.9140625,4352,OXY,SPRABERRY LOWER,10576,1206,30
25161.818359375,4384,COP,SPRABERRY LOWER,10368,1939,28
284385.0625,4385,COP,SPRABERRY LOWER,9951,1938,28
164315.90625,4386,COP,SPRABERRY LOWER,10676,1869,42
203019,4387,COP,WOLFCAMP A,10858,1540,42
171631,4388,COP,WOLFCAMP B,10858,1540,42
132505.921875,4389,COP,SPRABERRY LOWER,10783,1998,37
178008.640625,4390,COP,SPRABERRY LOWER,10526,1872,46
164145,4391,COP,WOLFCAMP A,10964,1348,38
175079,4392,COP,WOLFCAMP B,10964,1469,41
150882.953125,4393,COP,SPRABERRY LOWER,10576,1899,45
223855.53125,4394,COP,WOLFCAMP A,11692,1537,39
211893.265625,4395,COP,SPRABERRY LOWER,10675,1829,40
104365.0078125,4396,COP,SPRABERRY MIDDLE,10587,2029,37
194055.234375,4397,COP,SPRABERRY LOWER,10526,1872,46
105393.3046875,4398,COP,SPRABERRY LOWER,10680,1852,33
152911.0625,4399,COP,SPRABERRY MIDDLE,10784,1828,33
140148.75,4400,COP,SPRABERRY LOWER,10781,1837,32
104735,4422,LPI,WOLFCAMP B,10575,1836,58
59836,4423,LPI,WOLFCAMP B,10470,1111,34
84221,4424,LPI,WOLFCAMP B,10470,1111,34
97177.2421875,4458,LPI,WOLFCAMP A,9970,1079,32
71676.5625,4460,LPI,WOLFCAMP A,10116,1395,45
108340.3203125,4461,LPI,WOLFCAMP A,10574,1839,56
159542.04,4492,FANG,SPRABERRY LOWER,10000,1630,39
162322.13,4493,FANG,SPRABERRY LOWER,10000,1636,37
170550.16,4494,FANG,SPRABERRY LOWER,10000,1592,41
131564.12,4495,FANG,WOLFCAMP A,10000,1867,46
161978.07,4496,FANG,WOLFCAMP A,10000,1611,41
173416.06,4497,FANG,WOLFCAMP A,10000,1612,41
189233.04,4582,FANG,SPRABERRY LOWER,9937,1652,38
194484.01,4583,FANG,SPRABERRY LOWER,10351,1553,39
268683.13,4584,FANG,SPRABERRY LOWER,10165,1634,41
172539.200000001,4588,FANG,WOLFCAMP A,11027,1267,45
167061.65,4589,FANG,WOLFCAMP A,10934,1306,46
149727,4592,OXY,WOLFCAMP A,10502,1343,42
131465,4597,LARIO,WOLFCAMP D,10018,1801,55
306886.03125,4609,XOM,WOLFCAMP B,10354,712,61
484807.75,4610,XOM,SPRABERRY LOWER,10354,1403,54
99591.2421875,4611,XOM,SPRABERRY LOWER,10381,1406,51
174212.875,4615,PXD,WOLFCAMP B,9984,2339,64
226272.5625,4616,PXD,WOLFCAMP B,10308,2457,49
219623.703125,4617,PXD,WOLFCAMP A,10390,1913,35
194623.296875,4618,PXD,WOLFCAMP B,10381,1905,38
137622,4619,PXD,WOLFCAMP B,10391,1889,36
78646,4647,LPI,WOLFCAMP A,10205,1452,46
90015,4648,LPI,WOLFCAMP A,10396,1829,57
44133.265625,4649,LPI,WOLFCAMP A,10396,1868,62
83737.734375,4650,LPI,WOLFCAMP A,10287,1454,49
69302.8359375,4651,LPI,WOLFCAMP A,10302,1840,57
78926.1640625,4652,LPI,WOLFCAMP A,10207,1435,48
77936.2734375,4653,LPI,WOLFCAMP A,10386,1815,55
82275.734375,4654,LPI,WOLFCAMP B,10218,1437,47
161378,4655,LPI,WOLFCAMP A,10297,2383,72
199795,4657,LPI,WOLFCAMP A,13146,2349,71
202523,4658,LPI,WOLFCAMP B,13146,2345,71
192986,4659,LPI,WOLFCAMP B,12754,2416,70
144330,4660,LPI,WOLFCAMP B,12754,2389,72
109600,4661,LPI,WOLFCAMP A,12255,1831,56
157892.015625,4662,LPI,WOLFCAMP B,12412,1789,57
169723.984375,4663,LPI,WOLFCAMP B,12097,1833,54
124595.0078125,4664,LPI,WOLFCAMP A,10030,1375,40
101646,4665,LPI,WOLFCAMP A,9938,1392,40
65890,4666,LPI,WOLFCAMP A,10080,1089,32
130387,4672,LPI,WOLFCAMP B,10030,1835,56
121731,4673,LPI,WOLFCAMP B,10030,1839,55
114267,4674,LPI,WOLFCAMP A,9938,1383,53
156442.5,4704,LPI,WOLFCAMP B,14932,1773,62
96375.625,4705,LPI,WOLFCAMP A,14775,1796,58
86930.53125,4706,LPI,WOLFCAMP B,14932,1812,57
47360.29296875,4716,LPI,WOLFCAMP B,10030,1374,40
128762.390625,4717,LPI,WOLFCAMP B,10214,1804,55
67062.1875,4718,LPI,WOLFCAMP B,9965,1849,58
150007.28125,4719,LPI,WOLFCAMP B,10262,1104,34
74679.078125,4720,LPI,WOLFCAMP B,9940,1135,35
162133.359375,4721,LPI,WOLFCAMP B,9932,1149,35
69176.109375,4722,LPI,WOLFCAMP B,9904,1142,36
44914.63671875,4723,LPI,WOLFCAMP B,10193,1085,35
60645.91015625,4724,LPI,WOLFCAMP B,10098,1797,24
100493.21875,4725,LPI,WOLFCAMP B,10213,1797,38
56441.69921875,4726,LPI,WOLFCAMP A,9994,1783.5,34
85951.9765625,4732,LPI,WOLFCAMP A,10915,2432,80
117492.9921875,4733,LPI,WOLFCAMP B,10915,2370,74
45788.390625,4737,LPI,WOLFCAMP B,11906,1830,35
154720.953125,4738,LPI,WOLFCAMP C,12092,1799,34
144051.6875,4742,LPI,WOLFCAMP B,10363,1408,46
65041.5078125,4743,LPI,WOLFCAMP B,10400,1416,46
140747.25,4744,LPI,WOLFCAMP B,10397,1394,54
100564.0546875,4757,LPI,WOLFCAMP B,15559,1816,54
43565.0234375,4758,LPI,WOLFCAMP A,15748,1816,54
73183.9375,4759,LPI,WOLFCAMP B,14896,1807,55
62657.3984375,4760,LPI,WOLFCAMP A,14756,1818,57
58295.953125,4762,LPI,WOLFCAMP B,14581,1800,54
179377.0625,4765,LPI,WOLFCAMP B,13831,1869,56
62888.79296875,4766,LPI,WOLFCAMP A,10522,1742,56
138189.984375,4767,SM,SPRABERRY LOWER,10352,1986,64
182465.015625,4768,SM,WOLFCAMP B,10336,1988,66
186470,4792,FANG,WOLFCAMP B,10018,1623,43
204080.015625,4793,FANG,WOLFCAMP B,10081,1607,43
158591,4794,FANG,WOLFCAMP B,10116,1305,40
188146,4795,FANG,WOLFCAMP A,10101,1590,36
194258,4796,FANG,WOLFCAMP B,10051,913,40
150317,4797,FANG,WOLFCAMP A,10001,1590,37
163632.015625,4798,FANG,WOLFCAMP B,10089,1305,37
132124,4799,FANG,WOLFCAMP B,10089,1305,42
152596.015625,4800,FANG,SPRABERRY LOWER,9899,1600,39
145483,4801,FANG,WOLFCAMP B,9898,1588,38
210225,4802,FANG,WOLFCAMP A,9899,1581,47
156435,4803,FANG,WOLFCAMP A,10001,1613,38
157010,4805,FANG,WOLFCAMP A,10001,1614,39
172841,4806,FANG,WOLFCAMP A,10001,1615,48
196352.296875,4807,XOM,WOLFCAMP B,10318,1680,58
153544.15625,4808,XOM,DEAN,10303,1192,47
127558.5546875,4809,XOM,SPRABERRY LOWER,10293,1114,45
123097.1015625,4811,FIREBIRD,WOLFCAMP B,9979,2042,41
170777.53125,4817,PXD,WOLFCAMP B,10218,1819,45
272631.875,4818,PXD,WOLFCAMP C,10379,1873,59
247407.65625,4831,HUNT,WOLFCAMP A,10032,1551,47
76754.3515625,4855,PXD,WOLFCAMP B,9944,1016,31
250029.859375,4876,PXD,WOLFCAMP B,9907,1684,54
181966.421875,4878,PXD,WOLFCAMP B,9908,1689,54
207817.46875,4879,PXD,WOLFCAMP B,10123,1717,55
190742.265625,4880,PXD,WOLFCAMP B,10018,1717,55
166278,4884,PXD,WOLFCAMP B,9957,2121,47
167141,4886,PXD,WOLFCAMP B,9959,2112,47
204973.671875,4890,PXD,WOLFCAMP A,10022,1936,48
214347.34375,4891,PXD,WOLFCAMP A,10022,1937,48
255557.796875,4892,PXD,WOLFCAMP A,10022,1945,48
242913.609375,4893,PXD,WOLFCAMP A,10172,1682,50
248779.140625,4894,PXD,WOLFCAMP A,10022,1708,50
147355,4896,PXD,WOLFCAMP B,9903,1703,53
202862.046875,4902,PXD,WOLFCAMP A,10172,1697,50
204083.875,4903,PXD,WOLFCAMP A,10022,1753,43
274934.71875,4905,PXD,WOLFCAMP A,10022,1934,48
123384.6796875,4906,PXD,WOLFCAMP B,9929,1412,39
236621.328125,4911,PXD,WOLFCAMP A,9909,2554,51
191003.140625,4912,PXD,WOLFCAMP A,10060,2551,51
260139.171875,4913,PXD,WOLFCAMP A,10060,2524,51
135958.4375,4914,PXD,WOLFCAMP A,9908,1440,39
148334.5625,4915,PXD,WOLFCAMP A,9907,1443,39
137474.65625,4916,PXD,WOLFCAMP A,10080,1432,39
137748.640625,4917,PXD,SPRABERRY LOWER,10208,2758,46
152303.84375,4918,PXD,SPRABERRY LOWER,10328,2765,46
183091.5,4919,PXD,SPRABERRY LOWER,10328,2759,45
177042.90625,4920,PXD,SPRABERRY LOWER,10328,2752,46
223036.625,4921,PXD,SPRABERRY LOWER,9981,2295,41
138113.171875,4925,PXD,WOLFCAMP A,10060,1488,50
200174.046875,4928,PXD,WOLFCAMP A,9911,1398,52
251724.875,4929,PXD,WOLFCAMP A,10022,1415,51
177473.78125,4931,SABALO,SPRABERRY LOWER,10067,1927,39
229196,4940,SABALO,WOLFCAMP A,10105,1896,38
234857,4981,PXD,WOLFCAMP A,10172,2590,46
232231,4983,PXD,WOLFCAMP A,10022,2589,45
197838.984375,4985,PXD,WOLFCAMP A,9984,1671,47
159682.015625,4990,PXD,WOLFCAMP B,9974,2067,42
155080,4991,PXD,WOLFCAMP B,9993,1902,40
153807.05,4994,FANG,SPRABERRY LOWER,10423,1655,45
172053.13,4995,FANG,SPRABERRY LOWER,10423,1650,44
190053.5,5038,PXD,WOLFCAMP B,10057,1678,55
222502.796875,5039,PXD,WOLFCAMP B,10057,1723,55
341149.4375,5041,PXD,WOLFCAMP A,10058,1757,50
225553.5625,5076,PXD,WOLFCAMP B,9899,1702,52
123013.0390625,5099,XOM,WOLFCAMP B,10354,1412,54
135629.59375,5100,XOM,SPRABERRY LOWER,10321,1403,57
235523.53125,5113,XOM,WOLFCAMP B,10264,1415,54
162455.09375,5114,XOM,WOLFCAMP A,10054,1418,56
165776.71875,5115,XOM,SPRABERRY LOWER,10666,1376,53
203851.75,5116,XOM,WOLFCAMP B,10260,1713,59
292012.59375,5117,XOM,WOLFCAMP B,10053,1704,58
141464.34375,5118,XOM,WOLFCAMP B,10054,1711,58
86530.28125,5119,XOM,WOLFCAMP B,10232,1705,58
97673.125,5120,XOM,WOLFCAMP A,10263,1688,60
239430.625,5121,XOM,WOLFCAMP A,10260,1701,59
103709.4453125,5122,XOM,WOLFCAMP A,10022,1704,58
249311.984375,5123,XOM,WOLFCAMP B,10317,1664,61
129523.0078125,5124,XOM,SPRABERRY LOWER,10333,1396,50
217609,5129,COP,WOLFCAMP B,12909,2238,58
278819,5130,COP,WOLFCAMP A,12960,1732,55
301192,5131,COP,WOLFCAMP B,12966,2206,55
237318,5141,FANG,SPRABERRY LOWER,10309,1592,39
183925.828125,5144,FANG,SPRABERRY LOWER,12686,1595,56
202415.375,5145,FANG,SPRABERRY LOWER,11987,2198,54
178930.53125,5146,FANG,WOLFCAMP A,11714,2237,62
243637.828125,5149,FANG,SPRABERRY LOWER,10048,1573,42
231583.390625,5150,FANG,SPRABERRY LOWER,9951,1588,41
461783.5625,5164,FANG,SPRABERRY LOWER,10250,1614,44
236166.28125,5165,FANG,SPRABERRY LOWER,10206,1578,42
236708.140625,5166,FANG,SPRABERRY LOWER,10245,1615,44
284682.15625,5170,FANG,SPRABERRY LOWER,12897,1595,37
382115.46875,5171,FANG,SPRABERRY LOWER,12897,1567,44
279481.6875,5172,FANG,SPRABERRY LOWER,12984,1587,42
100362.71875,5210,PXD,WOLFCAMP A,10262,1104,33
113102.3671875,5211,PXD,WOLFCAMP A,10497,1010,39
79410.5390625,5213,PXD,WOLFCAMP B,10047,892,35
98351.9375,5214,PXD,WOLFCAMP B,10287,995,37
260355,5215,PXD,WOLFCAMP A,10028,1910,74
155029,5227,PXD,WOLFCAMP B,10622,2952,77
144158,5239,PXD,SPRABERRY LOWER,10042,2517,45
192215.34375,5242,PXD,SPRABERRY LOWER,10196,1383,50
127359.015625,5243,PXD,SPRABERRY LOWER,10172,1468,37
192182.484375,5248,PXD,SPRABERRY LOWER,10172,1436,41
195899.34375,5249,PXD,SPRABERRY LOWER,10172,1417,40
156561.875,5256,PXD,SPRABERRY LOWER,10172,1436,41
151585.109375,5258,PXD,SPRABERRY LOWER,10265,1371,47
144673.015625,5259,PXD,SPRABERRY LOWER,10149,1333,45
200862.421875,5266,PXD,SPRABERRY MIDDLE,10482,2103,59
202910.984375,5267,PXD,SPRABERRY MIDDLE,10382,1565,60
109446.15625,5272,SABLE,WOLFCAMP A,9961,1869,39
131607.4375,5294,SEQUITUR,WOLFCAMP B,10475,2456,2
134661.53125,5295,SEQUITUR,WOLFCAMP B,10482,2459,2
157351.375,5298,SEQUITUR,WOLFCAMP B,10308,1985,53
76448.640625,5299,SEQUITUR,WOLFCAMP A,10297,560,72
166497.921875,5300,SEQUITUR,WOLFCAMP A,10459,2517,53
166187.0625,5301,SEQUITUR,WOLFCAMP A,10316,2466,51
101618.8984375,5329,HUNT,WOLFCAMP B,10032,1547,37
101599.0625,5330,HUNT,WOLFCAMP B,10168,1408,32
119246.7578125,5331,HUNT,WOLFCAMP B,10223,1379,33
107591.0859375,5332,HUNT,WOLFCAMP B,10222,1553,37
74136.40625,5333,HUNT,WOLFCAMP B,10222,1549,38
72420.1484375,5334,HUNT,WOLFCAMP B,10278,1341,32
59845.5625,5335,HUNT,WOLFCAMP B,10261,1337,33
107276.328125,5336,HUNT,WOLFCAMP B,10222,1549,38
126033.3671875,5347,PXD,WOLFCAMP B,10031,1078,23
239925,5381,PXD,WOLFCAMP B,9908,2568,73
267526,5383,PXD,WOLFCAMP B,9908,2553,73
127147.2421875,5391,HUNT,WOLFCAMP B,10037,1507,43
71338.5,5392,HUNT,WOLFCAMP B,10145,1345,40
92830.4453125,5393,HUNT,WOLFCAMP B,10154,1215,34
117363.0078125,5395,PXD,WOLFCAMP B,9902,1378,40
102730.0625,5397,HUNT,WOLFCAMP B,10170,2109,51
86581.8515625,5398,HUNT,WOLFCAMP B,10020,2086,51
42773.74609375,5446,SABLE,WOLFCAMP A,9941,573,12
174351.03125,5462,QEP,SPRABERRY LOWER,10041,682,31
201556.859375,5463,QEP,SPRABERRY LOWER,10049,1394,41
170454.296875,5464,QEP,SPRABERRY LOWER,9898,1398,31
170786.1875,5466,QEP,SPRABERRY LOWER,9961,677,31
177108.65625,5467,QEP,SPRABERRY MIDDLE,10025,1303,32
225949.328125,5468,QEP,SPRABERRY LOWER,9934,1336,32
262784.09375,5513,PXD,SPRABERRY LOWER,10042,3417,54
313900.5625,5514,PXD,SPRABERRY LOWER,10022,3492,57
277086.625,5515,PXD,SPRABERRY LOWER,10022,3489,56
276446.4375,5516,PXD,SPRABERRY LOWER,10022,3466,56
29701.888671875,5560,EPE,WOLFCAMP A,9949,2012,43
17954.943359375,5567,EPE,WOLFCAMP A,11629,1747,33
46208.46484375,5568,EPE,WOLFCAMP A,10205,2034,46
100006.078125,5569,EPE,WOLFCAMP B,10436,1992,37
95630.1015625,5570,EPE,WOLFCAMP B,10173,2016,44
52924.63671875,5571,EPE,WOLFCAMP A,10228,2004,43
76028.6328125,5572,EPE,WOLFCAMP B,10283,1957,43
34354.1171875,5628,ZARVONA,WOLFCAMP A,10357,2032,52
204113,5649,OXY,WOLFCAMP A,12947,1958,43
132033,5652,COP,WOLFCAMP B,9966,2241,57
163416.625,5653,COP,WOLFCAMP B,10303,2010,46
168330.25,5654,COP,WOLFCAMP B,10282,2004,51
130221.125,5655,COP,WOLFCAMP A,10303,2020,45
161264.640625,5664,FANG,SPRABERRY LOWER,11034,2120,64
189566.25,5665,FANG,SPRABERRY MIDDLE,10866,1861,62
291167.5,5666,FANG,WOLFCAMP A,11034,1917,64
194576.609375,5667,FANG,SPRABERRY LOWER,10268,2214,69
186191.640625,5668,FANG,SPRABERRY MIDDLE,10268,2218,79
339087.78125,5669,FANG,WOLFCAMP A,10114,2259,80
255670,5670,SM,WOLFCAMP A,10422,1960,62
255241.015625,5703,FANG,SPRABERRY LOWER,10000,1591,43
194463.21,5726,FANG,SPRABERRY LOWER,10001,1599,42
173501.21,5727,FANG,SPRABERRY LOWER,10101,1556,40
144062.1875,5731,SM,WOLFCAMP A,10362,1868,52
247858.6875,5732,SM,WOLFCAMP A,10276,1905,61
59678.10546875,5733,SM,WOLFCAMP A,10340,1886,61
127549.6484375,5740,FANG,WOLFCAMP B,10163,1305,50
132279,5745,SM,WOLFCAMP A,10386,1865,60
199784,5749,PXD,WOLFCAMP A,10307,2503,53
184984,5750,PXD,WOLFCAMP A,10324,2443,53
182023,5756,FANG,WOLFCAMP A,10390,1590,40
222247,5757,FANG,WOLFCAMP A,10375,1590,46
212376,5758,FANG,WOLFCAMP A,10330,1590,39
259094,5762,SM,WOLFCAMP B,14978,1867,54
178437,5763,SM,WOLFCAMP A,14945,1878,52
522868.4375,5802,OVV,SPRABERRY LOWER,10004,1935,45
175782,5804,COP,SPRABERRY LOWER,10302,2029,49
234669,5805,COP,WOLFCAMP B,10329,2017,52
196301,5806,COP,WOLFCAMP B,10338,2010,49
163244,5807,COP,SPRABERRY LOWER,10402,1998,47
114596,5808,COP,WOLFCAMP A,10256,2031,50
135714,5809,COP,WOLFCAMP B,10290,2005,51
164638,5810,COP,SPRABERRY LOWER,10348,2010,46
166263,5811,COP,WOLFCAMP B,10379,1981,53
195365,5812,COP,SPRABERRY LOWER,10375,1858,46
255084,5813,COP,SPRABERRY LOWER,10396,1855,45
139784.609375,5825,ENDVR,SPRABERRY LOWER,10003,1608,41
302988.375,5826,ENDVR,WOLFCAMP B,9903,1575,41
116429.9921875,5829,FANG,SPRABERRY UPPER,10352,1627.5,46
22159.201171875,5844,SABLE,WOLFCAMP A,9965,2476,50
52129.796875,5845,SABLE,WOLFCAMP B,9960,2370,48
41350.20703125,5847,SABLE,WOLFCAMP A,9959,2377,48
46501.79296875,5848,SABLE,WOLFCAMP B,10117,2430,50
36685.6171875,5849,SABLE,WOLFCAMP B,10006,2451,52
58575.13671875,5852,SABLE,WOLFCAMP B,9911,2433,49
60427,5853,SABLE,WOLFCAMP B,9991,2466,50
63722,5854,SABLE,WOLFCAMP B,10056,2446,56
55884.00390625,5855,SABLE,WOLFCAMP B,10049,2452,50
56477,5857,SABLE,WOLFCAMP B,10057,2452,49
58034,5858,SABLE,WOLFCAMP B,10069,2402,50
49631,5859,SABLE,WOLFCAMP B,10084,2430,50
209699,5882,PXD,WOLFCAMP B,10037,2286,40
227804,5883,PXD,WOLFCAMP B,10037,2287,40
222140,5884,PXD,WOLFCAMP B,10037,2290,40
120425.0078125,5889,ENDVR,WOLFCAMP B,10321,1604,42
189167,5890,PXD,WOLFCAMP B,9979,1986,41
192814,5891,PXD,WOLFCAMP B,9977,1996,41
190823,5892,PXD,WOLFCAMP B,9979,1979,41
164361,5894,PXD,WOLFCAMP A,9979,1956,40
312285.03125,5908,CRWNQST,WOLFCAMP B,10210,1895.5,47
316732.53125,5909,CRWNQST,WOLFCAMP B,10174,2055,54
213795.93,5918,CPE,WOLFCAMP A,10107,2514,69
212584.24,5919,CPE,WOLFCAMP A,10202,2028,54
217318.765625,5936,CRWNQST,WOLFCAMP A,10027,1927,50
135336.234375,5937,CRWNQST,WOLFCAMP A,10068,1980,50
221989.0625,5938,CRWNQST,WOLFCAMP A,10152,1963,50
190254.921875,5939,CRWNQST,WOLFCAMP A,9977,1981,50
156997,5942,ESTE,WOLFCAMP A,12515,2477,43
76853,5943,ESTE,WOLFCAMP B,9970,2463,42
116665,5944,ESTE,WOLFCAMP A,10189,2484,48
252497.890625,5945,ESTE,WOLFCAMP B,10339,2154,48
90243.125,5946,ESTE,DEAN,10290,2201,48
95002.296875,5950,ENDVR,WOLFCAMP A,10321,1605,43
44002.52734375,5951,ENDVR,WOLFCAMP A,10350,1583,45
158526.734375,5952,ENDVR,WOLFCAMP B,10350,1592,46
223683.75,5953,ENDVR,WOLFCAMP A,10350,1463,44
171221.71875,5954,ENDVR,WOLFCAMP B,10345,1592,44
13369.4375,5955,ENDVR,WOLFCAMP B,10310,1610,43
166206.84375,5956,ENDVR,WOLFCAMP A,10306,1607,44
108327.8828125,5958,ENDVR,WOLFCAMP B,9971,1591,47
142879.984375,5959,ENDVR,WOLFCAMP A,9987,1586,45
152578.4375,5960,ENDVR,WOLFCAMP A,10026,1610,47
122490.3203125,5962,ENDVR,WOLFCAMP A,10308,1601,43
130668,5963,ENDVR,WOLFCAMP A,10323,1604,46
184938,5964,ENDVR,WOLFCAMP B,10317,1603,43
179460,5965,ENDVR,WOLFCAMP A,10201,1601,42
150528.5625,5966,ENDVR,WOLFCAMP B,10146,1633,43
150066.4375,5967,ENDVR,WOLFCAMP A,10249,1606,42
174151.203125,5968,ENDVR,WOLFCAMP A,10273,1596,39
152497.46875,5969,ENDVR,WOLFCAMP A,10141,1612,44
112074.515625,5970,ENDVR,WOLFCAMP A,10147,1609,44
139449.84375,5971,ENDVR,WOLFCAMP A,10213,1600,43
196208,5972,ENDVR,WOLFCAMP A,10381,1596,42
167792.921875,6003,PXD,WOLFCAMP B,11107,1057,26
232387.421875,6004,PXD,WOLFCAMP B,11982,2628,62
216160.59375,6005,PXD,WOLFCAMP B,12722,2538,57
237366.171875,6006,PXD,WOLFCAMP B,12722,2555,57
203751.859375,6007,PXD,WOLFCAMP B,9982,2509,57
202872.640625,6008,PXD,WOLFCAMP B,10682,2515,58
134466.96875,6026,PXD,WOLFCAMP B,10893,1670,52
182937.671875,6027,PXD,WOLFCAMP B,12002,1678,54
154833.1875,6028,PXD,WOLFCAMP B,11874,1691,53
242283.4375,6044,PXD,WOLFCAMP B,10322,2761,54
257097.765625,6045,PXD,WOLFCAMP B,10622,2692,58
237947.90625,6046,PXD,WOLFCAMP B,10622,2680,56
233604,6049,PXD,WOLFCAMP B,11403,3011,58
233041,6050,PXD,WOLFCAMP B,11703,3024,57
187260,6051,PXD,WOLFCAMP B,11404,3018,57
147397,6056,PXD,WOLFCAMP B,11526,958,36
134494,6057,PXD,WOLFCAMP B,11525,856,34
143992.140625,6065,XOM,WOLFCAMP B,13804,1694,56
103089.4453125,6066,XOM,WOLFCAMP B,13203,1699,55
193455.40625,6067,XOM,WOLFCAMP A,13954,1371,48
266274.09375,6068,XOM,WOLFCAMP A,13850,1392,48
215265.65625,6069,XOM,WOLFCAMP A,13380,1395,47
244281.609375,6070,XOM,WOLFCAMP A,13353,1414,46
129989.125,6071,XOM,SPRABERRY LOWER,13747,1373,45
185121.5,6072,XOM,SPRABERRY LOWER,13698,1559,49
110635.59375,6073,XOM,SPRABERRY LOWER,13522,1401,46
109248.1953125,6074,XOM,SPRABERRY LOWER,13654,1408,46
164473.359375,6075,XOM,WOLFCAMP B,14089,1721,54
175143.65625,6076,XOM,WOLFCAMP A,14005,1362,33
133374.984375,6077,XOM,SPRABERRY LOWER,13815,1431,44
214473.984375,6090,XOM,WOLFCAMP B,10558,1318,52
136181.015625,6091,XOM,WOLFCAMP B,10556,1413,49
197220.109375,6092,XOM,WOLFCAMP A,10523,1413,51
52227.0625,6093,XOM,WOLFCAMP A,10569,3100,51
108595.125,6094,XOM,SPRABERRY LOWER,10504,1325,52
103569.0546875,6095,XOM,SPRABERRY LOWER,10564,1317,52
7181.53564453125,6096,XOM,SPRABERRY MIDDLE,10530,1611,45
142699.77,6097,SM,WOLFCAMP A,10315,1861,61
